state,date,positive,negative,pending,hospitalized,death,totalTestResults,deathIncrease,hospitalizedIncrease,negativeIncrease,positiveIncrease,totalTestResultsIncrease,total
AK,20200325,42.0,1649.0,,1.0,1.0,1691,1.0,1.0,663.0,6.0,669.0,1691
AL,20200325,283.0,2529.0,,,0.0,2812,0.0,0.0,423.0,68.0,491.0,2812
AR,20200325,280.0,1437.0,0.0,22.0,2.0,1717,2.0,0.0,490.0,62.0,552.0,1717
AS,20200325,0.0,,,,0.0,0,0.0,0.0,0.0,0.0,0.0,0
AZ,20200325,450.0,323.0,53.0,8.0,6.0,773,1.0,0.0,10.0,93.0,103.0,826
CA,20200325,2102.0,13452.0,12100.0,,40.0,15554,0.0,0.0,0.0,0.0,0.0,27654
CO,20200325,912.0,6789.0,,84.0,11.0,7701,4.0,12.0,1285.0,192.0,1477.0,7701
CT,20200325,875.0,5023.0,,113.0,19.0,5898,7.0,42.0,341.0,257.0,598.0,5898
DC,20200325,183.0,1423.0,3.0,,2.0,1606,0.0,0.0,228.0,46.0,274.0,1609
DE,20200325,115.0,36.0,,11.0,0.0,151,0.0,11.0,0.0,24.0,24.0,151
FL,20200325,1682.0,15374.0,1233.0,316.0,22.0,17056,4.0,57.0,2247.0,270.0,2517.0,18289
GA,20200325,1247.0,4932.0,,394.0,40.0,6179,8.0,394.0,474.0,221.0,695.0,6179
GU,20200325,37.0,233.0,,10.0,1.0,270,0.0,5.0,32.0,5.0,37.0,270
HI,20200325,90.0,4357.0,,6.0,1.0,4447,0.0,2.0,768.0,13.0,781.0,4447
IA,20200325,145.0,2578.0,,36.0,1.0,2723,1.0,9.0,263.0,21.0,284.0,2723
ID,20200325,73.0,1887.0,,,0.0,1960,0.0,0.0,0.0,23.0,23.0,1960
IL,20200325,1865.0,12344.0,,,19.0,14209,3.0,0.0,2410.0,314.0,2724.0,14209
IN,20200325,477.0,2879.0,,1.0,14.0,3356,2.0,0.0,313.0,112.0,425.0,3356
KS,20200325,126.0,2360.0,,,3.0,2486,1.0,0.0,274.0,28.0,302.0,2486
KY,20200325,157.0,2865.0,,,4.0,3022,0.0,0.0,1123.0,33.0,1156.0,3022
LA,20200325,1795.0,9656.0,,491.0,65.0,11451,19.0,220.0,2441.0,407.0,2848.0,11451
MA,20200325,1838.0,17956.0,,103.0,15.0,19794,4.0,9.0,5366.0,679.0,6045.0,19794
MD,20200325,423.0,94.0,,,4.0,517,1.0,0.0,0.0,74.0,74.0,517
ME,20200325,149.0,3177.0,,,,3326,0.0,0.0,163.0,24.0,187.0,3326
MI,20200325,2294.0,2069.0,,,43.0,4363,19.0,0.0,0.0,503.0,503.0,4363
MN,20200325,287.0,11188.0,,35.0,1.0,11475,0.0,14.0,5638.0,25.0,5663.0,11475
MO,20200325,356.0,369.0,,,8.0,725,5.0,0.0,0.0,173.0,173.0,725
MP,20200325,0.0,,,,0.0,0,0.0,0.0,0.0,0.0,0.0,0
MS,20200325,377.0,1566.0,,117.0,2.0,1943,1.0,31.0,14.0,57.0,71.0,1943
MT,20200325,53.0,1948.0,,,,2001,0.0,0.0,305.0,7.0,312.0,2001
NC,20200325,504.0,9985.0,,29.0,1.0,10489,1.0,29.0,1844.0,106.0,1950.0,10489
ND,20200325,39.0,1734.0,,8.0,0.0,1773,0.0,3.0,280.0,5.0,285.0,1773
NE,20200325,61.0,1304.0,,,0.0,1365,0.0,0.0,329.0,9.0,338.0,1365
NH,20200325,108.0,2356.0,804.0,13.0,1.0,2464,0.0,2.0,909.0,7.0,916.0,3268
NJ,20200325,4402.0,10452.0,,,62.0,14854,18.0,0.0,2127.0,727.0,2854.0,14854
NM,20200325,100.0,6742.0,,,1.0,6842,1.0,0.0,852.0,17.0,869.0,6842
NV,20200325,321.0,4251.0,0.0,,6.0,4572,2.0,0.0,297.0,43.0,340.0,4572
NY,20200325,30811.0,72668.0,,3805.0,285.0,103479,75.0,571.0,7063.0,5146.0,12209.0,103479
OH,20200325,704.0,14060.0,,182.0,10.0,14764,2.0,37.0,13920.0,140.0,14060.0,14764
OK,20200325,164.0,805.0,,59.0,5.0,969,2.0,34.0,70.0,58.0,128.0,969
OR,20200325,209.0,4350.0,,61.0,8.0,4559,0.0,0.0,0.0,0.0,0.0,4559
PA,20200325,1127.0,11193.0,,,11.0,12320,4.0,0.0,2550.0,276.0,2826.0,12320
PR,20200325,51.0,317.0,70.0,,2.0,368,0.0,0.0,49.0,12.0,61.0,438
RI,20200325,124.0,1143.0,196.0,16.0,,1267,0.0,16.0,23.0,18.0,41.0,1463
SC,20200325,424.0,2303.0,,102.0,7.0,2727,2.0,102.0,291.0,126.0,417.0,2727
SD,20200325,41.0,819.0,268.0,,1.0,860,0.0,0.0,29.0,11.0,40.0,1128
TN,20200325,784.0,11012.0,,53.0,3.0,11796,1.0,53.0,495.0,117.0,612.0,11796
TX,20200325,974.0,12520.0,,,12.0,13494,3.0,0.0,1763.0,564.0,2327.0,13494
UT,20200325,346.0,6491.0,,,1.0,6837,0.0,0.0,967.0,47.0,1014.0,6837
VA,20200325,391.0,4979.0,,59.0,9.0,5370,2.0,14.0,799.0,101.0,900.0,5370
VI,20200325,17.0,55.0,2.0,,0.0,72,0.0,0.0,55.0,0.0,55.0,74
VT,20200325,123.0,1589.0,,,8.0,1712,1.0,0.0,149.0,28.0,177.0,1712
WA,20200325,2469.0,31712.0,,,123.0,34181,13.0,0.0,0.0,248.0,248.0,34181
WI,20200325,585.0,10089.0,,,7.0,10674,2.0,0.0,1852.0,128.0,1980.0,10674
WV,20200325,39.0,759.0,6.0,1.0,0.0,798,0.0,0.0,149.0,19.0,168.0,804
WY,20200325,44.0,954.0,,,,998,0.0,0.0,244.0,15.0,259.0,998
AK,20200324,36.0,986.0,,0.0,,1022,0.0,0.0,40.0,14.0,54.0,1022
AL,20200324,215.0,2106.0,,,0.0,2321,0.0,0.0,441.0,48.0,489.0,2321
AR,20200324,218.0,947.0,0.0,22.0,0.0,1165,0.0,9.0,41.0,44.0,85.0,1165
AS,20200324,0.0,,,,0.0,0,0.0,0.0,0.0,0.0,0.0,0
AZ,20200324,357.0,313.0,22.0,8.0,5.0,670,3.0,8.0,4.0,92.0,96.0,692
CA,20200324,2102.0,13452.0,12100.0,,40.0,15554,13.0,0.0,885.0,369.0,1254.0,27654
CO,20200324,720.0,5504.0,,72.0,7.0,6224,1.0,14.0,659.0,129.0,788.0,6224
CT,20200324,618.0,4682.0,,71.0,12.0,5300,2.0,17.0,597.0,203.0,800.0,5300
DC,20200324,137.0,1195.0,2.0,,2.0,1332,0.0,0.0,82.0,21.0,103.0,1334
DE,20200324,91.0,36.0,,0.0,0.0,127,0.0,0.0,0.0,23.0,23.0,127
FL,20200324,1412.0,13127.0,1008.0,259.0,18.0,14539,4.0,42.0,2064.0,241.0,2305.0,15547
GA,20200324,1026.0,4458.0,,,32.0,5484,7.0,0.0,161.0,254.0,415.0,5484
GU,20200324,32.0,201.0,,5.0,1.0,233,0.0,5.0,40.0,3.0,43.0,233
HI,20200324,77.0,3589.0,,4.0,1.0,3666,1.0,4.0,634.0,21.0,655.0,3666
IA,20200324,124.0,2315.0,,27.0,,2439,0.0,27.0,272.0,19.0,291.0,2439
ID,20200324,50.0,1887.0,,,0.0,1937,0.0,0.0,578.0,3.0,581.0,1937
IL,20200324,1551.0,9934.0,,,16.0,11485,4.0,0.0,1351.0,266.0,1617.0,11485
IN,20200324,365.0,2566.0,,1.0,12.0,2931,5.0,0.0,865.0,106.0,971.0,2931
KS,20200324,98.0,2086.0,,,2.0,2184,0.0,0.0,1669.0,16.0,1685.0,2184
KY,20200324,124.0,1742.0,,,4.0,1866,1.0,0.0,-20.0,20.0,0.0,1866
LA,20200324,1388.0,7215.0,,271.0,46.0,8603,12.0,271.0,2439.0,216.0,2655.0,8603
MA,20200324,1159.0,12590.0,,94.0,11.0,13749,2.0,15.0,4445.0,382.0,4827.0,13749
MD,20200324,349.0,94.0,,,3.0,443,0.0,0.0,0.0,61.0,61.0,443
ME,20200324,125.0,3014.0,,,,3139,0.0,0.0,223.0,18.0,241.0,3139
MI,20200324,1791.0,2069.0,,,24.0,3860,9.0,0.0,0.0,463.0,463.0,3860
MN,20200324,262.0,5550.0,,21.0,1.0,5812,0.0,4.0,1039.0,27.0,1066.0,5812
MO,20200324,183.0,369.0,,,3.0,552,0.0,0.0,0.0,0.0,0.0,552
MP,20200324,0.0,,,,0.0,0,0.0,0.0,0.0,0.0,0.0,0
MS,20200324,320.0,1552.0,,86.0,1.0,1872,0.0,53.0,409.0,71.0,480.0,1872
MT,20200324,46.0,1643.0,,,,1689,0.0,0.0,497.0,12.0,509.0,1689
NC,20200324,398.0,8141.0,,,0.0,8539,0.0,0.0,0.0,101.0,101.0,8539
ND,20200324,34.0,1454.0,,5.0,0.0,1488,0.0,1.0,101.0,4.0,105.0,1488
NE,20200324,52.0,975.0,,,0.0,1027,0.0,0.0,619.0,2.0,621.0,1027
NH,20200324,101.0,1447.0,869.0,11.0,1.0,1548,1.0,11.0,73.0,23.0,96.0,2417
NJ,20200324,3675.0,8325.0,45.0,,44.0,12000,17.0,0.0,7966.0,831.0,8797.0,12045
NM,20200324,83.0,5890.0,,,,5973,0.0,0.0,569.0,18.0,587.0,5973
NV,20200324,278.0,3954.0,0.0,,4.0,4232,0.0,0.0,464.0,33.0,497.0,4232
NY,20200324,25665.0,65605.0,,3234.0,210.0,91270,96.0,599.0,8191.0,4790.0,12981.0,91270
OH,20200324,564.0,140.0,,145.0,8.0,704,2.0,41.0,0.0,122.0,122.0,704
OK,20200324,106.0,735.0,,25.0,3.0,841,1.0,10.0,41.0,25.0,66.0,841
OR,20200324,209.0,4350.0,,61.0,8.0,4559,3.0,5.0,701.0,18.0,719.0,4559
PA,20200324,851.0,8643.0,,,7.0,9494,1.0,0.0,2048.0,207.0,2255.0,9494
PR,20200324,39.0,268.0,42.0,,2.0,307,0.0,0.0,79.0,8.0,87.0,349
RI,20200324,106.0,1120.0,77.0,,,1226,0.0,0.0,188.0,0.0,188.0,1303
SC,20200324,298.0,2012.0,,,5.0,2310,0.0,0.0,546.0,-1.0,545.0,2310
SD,20200324,30.0,790.0,268.0,,1.0,820,0.0,0.0,28.0,2.0,30.0,1088
TN,20200324,667.0,10517.0,,,2.0,11184,0.0,0.0,7245.0,52.0,7297.0,11184
TX,20200324,410.0,10757.0,,,9.0,11167,1.0,0.0,1054.0,58.0,1112.0,11167
UT,20200324,299.0,5524.0,,,1.0,5823,0.0,0.0,734.0,42.0,776.0,5823
VA,20200324,290.0,4180.0,,45.0,7.0,4470,1.0,7.0,737.0,36.0,773.0,4470
VI,20200324,17.0,,,,0.0,17,0.0,0.0,0.0,0.0,0.0,17
VT,20200324,95.0,1440.0,,,7.0,1535,2.0,0.0,334.0,20.0,354.0,1535
WA,20200324,2221.0,31712.0,,,110.0,33933,15.0,0.0,2833.0,225.0,3058.0,33933
WI,20200324,457.0,8237.0,,,5.0,8694,0.0,0.0,1187.0,41.0,1228.0,8694
WV,20200324,20.0,610.0,0.0,1.0,0.0,630,0.0,0.0,166.0,4.0,170.0,630
WY,20200324,29.0,710.0,,,,739,0.0,0.0,118.0,3.0,121.0,739
AK,20200323,22.0,946.0,,0.0,,968,0.0,0.0,0.0,0.0,0.0,968
AL,20200323,167.0,1665.0,,,0.0,1832,0.0,0.0,201.0,29.0,230.0,1832
AR,20200323,174.0,906.0,0.0,13.0,0.0,1080,0.0,0.0,195.0,9.0,204.0,1080
AS,20200323,,,,,0.0,0,0.0,0.0,0.0,0.0,0.0,0
AZ,20200323,265.0,309.0,6.0,,2.0,574,0.0,0.0,27.0,113.0,140.0,580
CA,20200323,1733.0,12567.0,12100.0,,27.0,14300,0.0,0.0,1263.0,197.0,1460.0,26400
CO,20200323,591.0,4845.0,,58.0,6.0,5436,1.0,9.0,770.0,116.0,886.0,5436
CT,20200323,415.0,4085.0,,54.0,10.0,4500,5.0,11.0,1208.0,192.0,1400.0,4500
DC,20200323,116.0,1113.0,,,2.0,1229,1.0,0.0,156.0,18.0,174.0,1229
DE,20200323,68.0,36.0,,0.0,0.0,104,0.0,0.0,0.0,12.0,12.0,104
FL,20200323,1171.0,11063.0,860.0,217.0,14.0,12234,1.0,32.0,3073.0,341.0,3414.0,13094
GA,20200323,772.0,4297.0,,,25.0,5069,2.0,0.0,877.0,172.0,1049.0,5069
GU,20200323,29.0,161.0,,,1.0,190,0.0,0.0,35.0,2.0,37.0,190
HI,20200323,56.0,2955.0,,,,3011,0.0,0.0,2692.0,8.0,2700.0,3011
IA,20200323,105.0,2043.0,,,,2148,0.0,0.0,828.0,15.0,843.0,2148
ID,20200323,47.0,1309.0,,,0.0,1356,0.0,0.0,134.0,5.0,139.0,1356
IL,20200323,1285.0,8583.0,,,12.0,9868,3.0,0.0,1312.0,227.0,1539.0,9868
IN,20200323,259.0,1701.0,,1.0,7.0,1960,1.0,0.0,408.0,58.0,466.0,1960
KS,20200323,82.0,417.0,,,2.0,499,0.0,0.0,0.0,18.0,18.0,499
KY,20200323,104.0,1762.0,,,3.0,1866,0.0,0.0,290.0,5.0,295.0,1866
LA,20200323,1172.0,4776.0,,,34.0,5948,14.0,0.0,2115.0,335.0,2450.0,5948
MA,20200323,777.0,8145.0,,79.0,9.0,8922,4.0,8.0,2686.0,131.0,2817.0,8922
MD,20200323,288.0,94.0,,,3.0,382,0.0,0.0,0.0,44.0,44.0,382
ME,20200323,107.0,2791.0,,,,2898,0.0,0.0,527.0,18.0,545.0,2898
MI,20200323,1328.0,2069.0,,,15.0,3397,7.0,0.0,0.0,293.0,293.0,3397
MN,20200323,235.0,4511.0,,17.0,1.0,4746,0.0,5.0,0.0,66.0,66.0,4746
MO,20200323,183.0,369.0,,,3.0,552,0.0,0.0,0.0,93.0,93.0,552
MP,20200323,0.0,,,,0.0,0,0.0,0.0,0.0,0.0,0.0,0
MS,20200323,249.0,1143.0,,33.0,1.0,1392,0.0,0.0,29.0,42.0,71.0,1392
MT,20200323,34.0,1146.0,,,,1180,0.0,0.0,0.0,3.0,3.0,1180
NC,20200323,297.0,8141.0,,,0.0,8438,0.0,0.0,1958.0,42.0,2000.0,8438
ND,20200323,30.0,1353.0,,4.0,0.0,1383,0.0,1.0,93.0,2.0,95.0,1383
NE,20200323,50.0,356.0,,,0.0,406,0.0,0.0,0.0,2.0,2.0,406
NH,20200323,78.0,1374.0,889.0,,,1452,0.0,0.0,186.0,13.0,199.0,2341
NJ,20200323,2844.0,359.0,94.0,,27.0,3203,7.0,0.0,32.0,930.0,962.0,3297
NM,20200323,65.0,5321.0,,,,5386,0.0,0.0,599.0,8.0,607.0,5386
NV,20200323,245.0,3490.0,0.0,,4.0,3735,2.0,0.0,1042.0,55.0,1097.0,3735
NY,20200323,20875.0,57414.0,,2635.0,114.0,78289,0.0,661.0,11181.0,5707.0,16888.0,78289
OH,20200323,442.0,140.0,,104.0,6.0,582,3.0,21.0,0.0,91.0,91.0,582
OK,20200323,81.0,694.0,102.0,15.0,2.0,775,0.0,4.0,25.0,14.0,39.0,877
OR,20200323,191.0,3649.0,,56.0,5.0,3840,1.0,13.0,785.0,30.0,815.0,3840
PA,20200323,644.0,6595.0,,,6.0,7239,4.0,0.0,1631.0,165.0,1796.0,7239
PR,20200323,31.0,189.0,35.0,,2.0,220,2.0,0.0,6.0,8.0,14.0,255
RI,20200323,106.0,932.0,216.0,,,1038,0.0,0.0,0.0,23.0,23.0,1254
SC,20200323,299.0,1466.0,,,5.0,1765,2.0,0.0,0.0,104.0,104.0,1765
SD,20200323,28.0,762.0,265.0,,1.0,790,0.0,0.0,22.0,7.0,29.0,1055
TN,20200323,615.0,3272.0,,,2.0,3887,2.0,0.0,0.0,110.0,110.0,3887
TX,20200323,352.0,9703.0,,,8.0,10055,3.0,0.0,1281.0,18.0,1299.0,10055
UT,20200323,257.0,4790.0,,,1.0,5047,0.0,0.0,1282.0,76.0,1358.0,5047
VA,20200323,254.0,3443.0,,38.0,6.0,3697,3.0,6.0,325.0,35.0,360.0,3697
VI,20200323,17.0,,,,0.0,17,0.0,0.0,0.0,11.0,11.0,17
VT,20200323,75.0,1106.0,,,5.0,1181,3.0,0.0,0.0,23.0,23.0,1181
WA,20200323,1996.0,28879.0,,,95.0,30875,1.0,0.0,3551.0,203.0,3754.0,30875
WI,20200323,416.0,7050.0,,,5.0,7466,1.0,0.0,820.0,31.0,851.0,7466
WV,20200323,16.0,444.0,4.0,1.0,0.0,460,0.0,0.0,59.0,4.0,63.0,464
WY,20200323,26.0,592.0,,,,618,0.0,0.0,154.0,2.0,156.0,618
AK,20200322,22.0,946.0,,0.0,,968,0.0,0.0,188.0,8.0,196.0,968
AL,20200322,138.0,1464.0,,,0.0,1602,0.0,0.0,1436.0,14.0,1450.0,1602
AR,20200322,165.0,711.0,119.0,13.0,0.0,876,0.0,13.0,144.0,47.0,191.0,995
AS,20200322,,,,,0.0,0,0.0,0.0,0.0,0.0,0.0,0
AZ,20200322,152.0,282.0,87.0,,2.0,434,1.0,0.0,42.0,48.0,90.0,521
CA,20200322,1536.0,11304.0,,,27.0,12840,3.0,0.0,55.0,257.0,312.0,12840
CO,20200322,475.0,4075.0,,49.0,5.0,4550,1.0,5.0,758.0,112.0,870.0,4550
CT,20200322,223.0,2877.0,,43.0,5.0,3100,1.0,43.0,771.0,29.0,800.0,3100
DC,20200322,98.0,957.0,,,1.0,1055,0.0,0.0,451.0,21.0,472.0,1055
DE,20200322,56.0,36.0,,,0.0,92,0.0,0.0,0.0,11.0,11.0,92
FL,20200322,830.0,7990.0,963.0,185.0,13.0,8820,1.0,27.0,1411.0,172.0,1583.0,9783
GA,20200322,600.0,3420.0,,,23.0,4020,9.0,0.0,863.0,93.0,956.0,4020
GU,20200322,27.0,126.0,,,1.0,153,1.0,0.0,18.0,12.0,30.0,153
HI,20200322,48.0,263.0,,,,311,0.0,0.0,139.0,11.0,150.0,311
IA,20200322,90.0,1215.0,,,,1305,0.0,0.0,166.0,22.0,188.0,1305
ID,20200322,42.0,1175.0,,,0.0,1217,0.0,0.0,295.0,11.0,306.0,1217
IL,20200322,1058.0,7271.0,,,9.0,8329,3.0,0.0,1783.0,299.0,2082.0,8329
IN,20200322,201.0,1293.0,,1.0,6.0,1494,2.0,0.0,586.0,75.0,661.0,1494
KS,20200322,64.0,417.0,,,2.0,481,0.0,0.0,0.0,9.0,9.0,481
KY,20200322,99.0,1472.0,,,3.0,1571,1.0,0.0,758.0,45.0,803.0,1571
LA,20200322,837.0,2661.0,,,20.0,3498,4.0,0.0,481.0,252.0,733.0,3498
MA,20200322,646.0,5459.0,,71.0,5.0,6105,4.0,10.0,707.0,121.0,828.0,6105
MD,20200322,244.0,94.0,,,3.0,338,1.0,0.0,0.0,54.0,54.0,338
ME,20200322,89.0,2264.0,,,,2353,0.0,0.0,0.0,16.0,16.0,2353
MI,20200322,1035.0,2069.0,,,8.0,3104,3.0,0.0,0.0,248.0,248.0,3104
MN,20200322,169.0,4511.0,,12.0,1.0,4680,0.0,12.0,559.0,31.0,590.0,4680
MO,20200322,90.0,369.0,,,3.0,459,0.0,0.0,0.0,17.0,17.0,459
MP,20200322,0.0,,,,0.0,0,0.0,0.0,0.0,0.0,0.0,0
MS,20200322,207.0,1114.0,,33.0,1.0,1321,0.0,33.0,419.0,67.0,486.0,1321
MT,20200322,31.0,1146.0,,,,1177,0.0,0.0,0.0,11.0,11.0,1177
NC,20200322,255.0,6183.0,,,0.0,6438,0.0,0.0,1091.0,71.0,1162.0,6438
ND,20200322,28.0,1260.0,,3.0,0.0,1288,0.0,0.0,119.0,0.0,119.0,1288
NE,20200322,48.0,356.0,,,0.0,404,0.0,0.0,0.0,10.0,10.0,404
NH,20200322,65.0,1188.0,959.0,,,1253,0.0,0.0,215.0,10.0,225.0,2212
NJ,20200322,1914.0,327.0,49.0,,20.0,2241,4.0,0.0,33.0,587.0,620.0,2290
NM,20200322,57.0,4722.0,,,,4779,0.0,0.0,951.0,0.0,951.0,4779
NV,20200322,190.0,2448.0,,,2.0,2638,0.0,0.0,64.0,66.0,130.0,2638
NY,20200322,15168.0,46233.0,,1974.0,114.0,61401,70.0,371.0,11152.0,4812.0,15964.0,61401
OH,20200322,351.0,140.0,,83.0,3.0,491,0.0,25.0,0.0,104.0,104.0,491
OK,20200322,67.0,669.0,102.0,11.0,2.0,736,1.0,1.0,109.0,14.0,123.0,838
OR,20200322,161.0,2864.0,,43.0,4.0,3025,1.0,43.0,861.0,47.0,908.0,3025
PA,20200322,479.0,4964.0,,,2.0,5443,0.0,0.0,1198.0,108.0,1306.0,5443
PR,20200322,23.0,183.0,69.0,,,206,0.0,0.0,40.0,2.0,42.0,275
RI,20200322,83.0,932.0,216.0,,,1015,0.0,0.0,70.0,17.0,87.0,1231
SC,20200322,195.0,1466.0,,,3.0,1661,2.0,0.0,211.0,43.0,254.0,1661
SD,20200322,21.0,740.0,277.0,,1.0,761,0.0,0.0,49.0,7.0,56.0,1038
TN,20200322,505.0,3272.0,,,,3777,0.0,0.0,0.0,134.0,134.0,3777
TX,20200322,334.0,8422.0,,,5.0,8756,0.0,0.0,2204.0,30.0,2234.0,8756
UT,20200322,181.0,3508.0,,,1.0,3689,1.0,0.0,1084.0,45.0,1129.0,3689
VA,20200322,219.0,3118.0,,32.0,3.0,3337,1.0,7.0,480.0,67.0,547.0,3337
VI,20200322,6.0,,,,0.0,6,0.0,0.0,0.0,0.0,0.0,6
VT,20200322,52.0,1106.0,,,2.0,1158,0.0,0.0,327.0,23.0,350.0,1158
WA,20200322,1793.0,25328.0,,,94.0,27121,11.0,0.0,3609.0,269.0,3878.0,27121
WI,20200322,385.0,6230.0,,,4.0,6615,0.0,0.0,1602.0,104.0,1706.0,6615
WV,20200322,12.0,385.0,1.0,1.0,0.0,397,0.0,0.0,55.0,1.0,56.0,398
WY,20200322,24.0,438.0,,,,462,0.0,0.0,0.0,1.0,1.0,462
AK,20200321,14.0,758.0,,0.0,,772,0.0,0.0,72.0,2.0,74.0,772
AL,20200321,124.0,28.0,,,0.0,152,0.0,0.0,0.0,43.0,43.0,152
AR,20200321,118.0,567.0,154.0,,,685,0.0,0.0,216.0,22.0,238.0,839
AS,20200321,,,,,0.0,0,0.0,0.0,0.0,0.0,0.0,0
AZ,20200321,104.0,240.0,122.0,,1.0,344,1.0,0.0,29.0,39.0,68.0,466
CA,20200321,1279.0,11249.0,,,24.0,12528,4.0,0.0,825.0,216.0,1041.0,12528
CO,20200321,363.0,3317.0,,44.0,4.0,3680,1.0,44.0,642.0,86.0,728.0,3680
CT,20200321,194.0,2106.0,,,4.0,2300,1.0,0.0,1502.0,0.0,1502.0,2300
DC,20200321,77.0,506.0,0.0,,1.0,583,0.0,0.0,5.0,6.0,11.0,583
DE,20200321,45.0,36.0,,,0.0,81,0.0,0.0,0.0,7.0,7.0,81
FL,20200321,658.0,6579.0,1002.0,158.0,12.0,7237,2.0,158.0,4709.0,138.0,4847.0,8239
GA,20200321,507.0,2557.0,,,14.0,3064,1.0,0.0,591.0,87.0,678.0,3064
GU,20200321,15.0,108.0,,,,123,0.0,0.0,22.0,1.0,23.0,123
HI,20200321,37.0,124.0,9.0,,,161,0.0,0.0,0.0,11.0,11.0,170
IA,20200321,68.0,1049.0,,,,1117,0.0,0.0,407.0,23.0,430.0,1117
ID,20200321,31.0,880.0,,,,911,0.0,0.0,290.0,8.0,298.0,911
IL,20200321,759.0,5488.0,,,6.0,6247,1.0,0.0,1792.0,169.0,1961.0,6247
IN,20200321,126.0,707.0,,1.0,4.0,833,2.0,1.0,232.0,47.0,279.0,833
KS,20200321,55.0,417.0,,,2.0,472,1.0,0.0,0.0,11.0,11.0,472
KY,20200321,54.0,714.0,,,2.0,768,1.0,0.0,122.0,7.0,129.0,768
LA,20200321,585.0,2180.0,,,16.0,2765,4.0,0.0,1612.0,106.0,1718.0,2765
MA,20200321,525.0,4752.0,,61.0,1.0,5277,0.0,61.0,1074.0,112.0,1186.0,5277
MD,20200321,190.0,94.0,,,2.0,284,1.0,0.0,0.0,41.0,41.0,284
ME,20200321,73.0,2264.0,,,,2337,0.0,0.0,0.0,16.0,16.0,2337
MI,20200321,787.0,2069.0,,,5.0,2856,2.0,0.0,0.0,238.0,238.0,2856
MN,20200321,138.0,3952.0,,,1.0,4090,1.0,0.0,211.0,23.0,234.0,4090
MO,20200321,73.0,369.0,,,3.0,442,2.0,0.0,0.0,26.0,26.0,442
MP,20200321,0.0,,,,0.0,0,0.0,0.0,0.0,0.0,0.0,0
MS,20200321,140.0,695.0,,,1.0,835,0.0,0.0,0.0,60.0,60.0,835
MT,20200321,20.0,1146.0,,,,1166,0.0,0.0,215.0,4.0,219.0,1166
NC,20200321,184.0,5092.0,,,0.0,5276,0.0,0.0,1996.0,47.0,2043.0,5276
ND,20200321,28.0,1141.0,,3.0,0.0,1169,0.0,3.0,341.0,8.0,349.0,1169
NE,20200321,38.0,356.0,,,0.0,394,0.0,0.0,116.0,6.0,122.0,394
NH,20200321,55.0,973.0,942.0,,,1028,0.0,0.0,228.0,11.0,239.0,1970
NJ,20200321,1327.0,294.0,40.0,,16.0,1621,5.0,0.0,30.0,437.0,467.0,1661
NM,20200321,57.0,3771.0,,,,3828,0.0,0.0,0.0,14.0,14.0,3828
NV,20200321,124.0,2384.0,,,2.0,2508,1.0,0.0,392.0,15.0,407.0,2508
NY,20200321,10356.0,35081.0,,1603.0,44.0,45437,9.0,1603.0,9756.0,3254.0,13010.0,45437
OH,20200321,247.0,140.0,,58.0,3.0,387,2.0,58.0,0.0,78.0,78.0,387
OK,20200321,53.0,560.0,144.0,10.0,1.0,613,0.0,10.0,22.0,4.0,26.0,757
OR,20200321,114.0,2003.0,433.0,,3.0,2117,0.0,0.0,0.0,0.0,0.0,2550
PA,20200321,371.0,3766.0,,,2.0,4137,1.0,0.0,1192.0,103.0,1295.0,4137
PR,20200321,21.0,143.0,71.0,,,164,0.0,0.0,29.0,7.0,36.0,235
RI,20200321,66.0,862.0,290.0,,,928,0.0,0.0,208.0,12.0,220.0,1218
SC,20200321,152.0,1255.0,,,1.0,1407,0.0,0.0,422.0,71.0,493.0,1407
SD,20200321,14.0,691.0,268.0,,1.0,705,0.0,0.0,28.0,0.0,28.0,973
TN,20200321,371.0,3272.0,,,,3643,0.0,0.0,2709.0,143.0,2852.0,3643
TX,20200321,304.0,6218.0,,,5.0,6522,0.0,0.0,1135.0,110.0,1245.0,6522
UT,20200321,136.0,2424.0,,,0.0,2560,0.0,0.0,389.0,24.0,413.0,2560
VA,20200321,152.0,2638.0,,25.0,2.0,2790,0.0,25.0,427.0,38.0,465.0,2790
VI,20200321,6.0,,,,0.0,6,0.0,0.0,0.0,3.0,3.0,6
VT,20200321,29.0,779.0,,,2.0,808,0.0,0.0,0.0,0.0,0.0,808
WA,20200321,1524.0,21719.0,,,83.0,23243,9.0,0.0,2383.0,148.0,2531.0,23243
WI,20200321,281.0,4628.0,,,4.0,4909,1.0,0.0,1173.0,75.0,1248.0,4909
WV,20200321,11.0,330.0,2.0,1.0,0.0,341,0.0,1.0,111.0,4.0,115.0,343
WY,20200321,23.0,438.0,,,,461,0.0,0.0,107.0,4.0,111.0,461
AK,20200320,12.0,686.0,,,,698,0.0,0.0,286.0,6.0,292.0,698
AL,20200320,81.0,28.0,,,0.0,109,0.0,0.0,0.0,13.0,13.0,109
AR,20200320,96.0,351.0,203.0,,,447,0.0,0.0,41.0,50.0,91.0,650
AS,20200320,0.0,,,,0.0,0,0.0,0.0,0.0,0.0,0.0,0
AZ,20200320,65.0,211.0,101.0,,0.0,276,0.0,0.0,36.0,21.0,57.0,377
CA,20200320,1063.0,10424.0,,,20.0,11487,2.0,0.0,1637.0,139.0,1776.0,11487
CO,20200320,277.0,2675.0,,,3.0,2952,1.0,0.0,563.0,61.0,624.0,2952
CT,20200320,194.0,604.0,,,3.0,798,2.0,0.0,0.0,98.0,98.0,798
DC,20200320,71.0,501.0,1.0,,1.0,572,1.0,0.0,348.0,32.0,380.0,573
DE,20200320,38.0,36.0,,,0.0,74,0.0,0.0,0.0,8.0,8.0,74
FL,20200320,520.0,1870.0,1026.0,,10.0,2390,2.0,0.0,337.0,130.0,467.0,3416
GA,20200320,420.0,1966.0,,,13.0,2386,3.0,0.0,422.0,133.0,555.0,2386
GU,20200320,14.0,86.0,,,,100,0.0,0.0,17.0,2.0,19.0,100
HI,20200320,26.0,124.0,9.0,,,150,0.0,0.0,31.0,10.0,41.0,159
IA,20200320,45.0,642.0,,,,687,0.0,0.0,559.0,7.0,566.0,687
ID,20200320,23.0,590.0,,,,613,0.0,0.0,133.0,12.0,145.0,613
IL,20200320,590.0,3696.0,,,5.0,4286,1.0,0.0,971.0,164.0,1135.0,4286
IN,20200320,79.0,475.0,,,2.0,554,0.0,0.0,151.0,23.0,174.0,554
KS,20200320,44.0,417.0,,,1.0,461,0.0,0.0,0.0,10.0,10.0,461
KY,20200320,47.0,592.0,,,1.0,639,0.0,0.0,138.0,12.0,150.0,639
LA,20200320,479.0,568.0,,,12.0,1047,4.0,0.0,110.0,132.0,242.0,1047
MA,20200320,413.0,3678.0,,,1.0,4091,1.0,0.0,874.0,85.0,959.0,4091
MD,20200320,149.0,94.0,,,1.0,243,0.0,0.0,0.0,42.0,42.0,243
ME,20200320,57.0,2264.0,,,,2321,0.0,0.0,260.0,4.0,264.0,2321
MI,20200320,549.0,2069.0,,,3.0,2618,0.0,0.0,-44.0,213.0,169.0,2618
MN,20200320,115.0,3741.0,,,,3856,0.0,0.0,792.0,26.0,818.0,3856
MO,20200320,47.0,369.0,,,1.0,416,0.0,0.0,61.0,23.0,84.0,416
MP,20200320,0.0,,,,0.0,0,0.0,0.0,0.0,0.0,0.0,0
MS,20200320,80.0,695.0,,,1.0,775,1.0,0.0,143.0,30.0,173.0,775
MT,20200320,16.0,931.0,,,,947,0.0,0.0,170.0,4.0,174.0,947
NC,20200320,137.0,3096.0,,,0.0,3233,0.0,0.0,688.0,40.0,728.0,3233
ND,20200320,20.0,800.0,,,0.0,820,0.0,0.0,307.0,5.0,312.0,820
NE,20200320,32.0,240.0,,,0.0,272,0.0,0.0,0.0,5.0,5.0,272
NH,20200320,44.0,745.0,631.0,,,789,0.0,0.0,124.0,5.0,129.0,1420
NJ,20200320,890.0,264.0,86.0,,11.0,1154,2.0,0.0,54.0,148.0,202.0,1240
NM,20200320,43.0,3771.0,,,,3814,0.0,0.0,1009.0,8.0,1017.0,3814
NV,20200320,109.0,1992.0,-3.0,,1.0,2101,0.0,0.0,366.0,14.0,380.0,2098
NY,20200320,7102.0,25325.0,,,35.0,32427,23.0,0.0,7193.0,2950.0,10143.0,32427
OH,20200320,169.0,140.0,,,1.0,309,1.0,0.0,0.0,50.0,50.0,309
OK,20200320,49.0,538.0,374.0,,1.0,587,0.0,0.0,72.0,5.0,77.0,961
OR,20200320,114.0,2003.0,433.0,,3.0,2117,0.0,0.0,674.0,26.0,700.0,2550
PA,20200320,268.0,2574.0,,,1.0,2842,0.0,0.0,966.0,83.0,1049.0,2842
PR,20200320,14.0,114.0,52.0,,,128,0.0,0.0,58.0,9.0,67.0,180
RI,20200320,54.0,654.0,140.0,,,708,0.0,0.0,114.0,21.0,135.0,848
SC,20200320,81.0,833.0,,,1.0,914,0.0,0.0,250.0,21.0,271.0,914
SD,20200320,14.0,663.0,270.0,,1.0,677,0.0,0.0,112.0,3.0,115.0,947
TN,20200320,228.0,563.0,,,,791,0.0,0.0,214.0,74.0,288.0,791
TX,20200320,194.0,5083.0,,,5.0,5277,2.0,0.0,2871.0,51.0,2922.0,5277
UT,20200320,112.0,2035.0,,,0.0,2147,0.0,0.0,587.0,34.0,621.0,2147
VA,20200320,114.0,2211.0,,,2.0,2325,0.0,0.0,382.0,20.0,402.0,2325
VI,20200320,3.0,,,,0.0,3,0.0,0.0,0.0,0.0,0.0,3
VT,20200320,29.0,779.0,,,2.0,808,2.0,0.0,134.0,7.0,141.0,808
WA,20200320,1376.0,19336.0,,,74.0,20712,8.0,0.0,3418.0,189.0,3607.0,20712
WI,20200320,206.0,3455.0,,,3.0,3661,3.0,0.0,1263.0,51.0,1314.0,3661
WV,20200320,7.0,219.0,13.0,,0.0,226,0.0,0.0,76.0,5.0,81.0,239
WY,20200320,19.0,331.0,,,,350,0.0,0.0,60.0,1.0,61.0,350
AK,20200319,6.0,400.0,,,,406,0.0,0.0,-6.0,0.0,-6.0,406
AL,20200319,68.0,28.0,,,0.0,96,0.0,0.0,0.0,22.0,22.0,96
AR,20200319,46.0,310.0,113.0,,,356,0.0,0.0,74.0,13.0,87.0,469
AS,20200319,0.0,,,,0.0,0,0.0,0.0,0.0,0.0,0.0,0
AZ,20200319,44.0,175.0,130.0,,0.0,219,0.0,0.0,27.0,16.0,43.0,349
CA,20200319,924.0,8787.0,,,18.0,9711,5.0,0.0,806.0,313.0,1119.0,9711
CO,20200319,216.0,2112.0,,,2.0,2328,0.0,0.0,495.0,33.0,528.0,2328
CT,20200319,96.0,604.0,,,1.0,700,1.0,0.0,479.0,28.0,507.0,700
DC,20200319,39.0,153.0,11.0,,0.0,192,0.0,0.0,15.0,8.0,23.0,203
DE,20200319,30.0,36.0,,,0.0,66,0.0,0.0,0.0,5.0,5.0,66
FL,20200319,390.0,1533.0,1019.0,,8.0,1923,1.0,0.0,308.0,76.0,384.0,2942
GA,20200319,287.0,1544.0,,,10.0,1831,9.0,0.0,233.0,90.0,323.0,1831
GU,20200319,12.0,69.0,,,,81,0.0,0.0,12.0,4.0,16.0,81
HI,20200319,16.0,93.0,9.0,,,109,0.0,0.0,0.0,2.0,2.0,118
IA,20200319,38.0,83.0,,,,121,0.0,0.0,0.0,9.0,9.0,121
ID,20200319,11.0,457.0,,,,468,0.0,0.0,-2.0,2.0,0.0,468
IL,20200319,426.0,2725.0,,,4.0,3151,3.0,0.0,962.0,137.0,1099.0,3151
IN,20200319,56.0,324.0,,,2.0,380,0.0,0.0,170.0,17.0,187.0,380
KS,20200319,34.0,417.0,,,1.0,451,0.0,0.0,0.0,18.0,18.0,451
KY,20200319,35.0,454.0,,,1.0,489,0.0,0.0,100.0,9.0,109.0,489
LA,20200319,347.0,458.0,,,8.0,805,2.0,0.0,123.0,107.0,230.0,805
MA,20200319,328.0,2804.0,,,,3132,0.0,0.0,789.0,72.0,861.0,3132
MD,20200319,107.0,94.0,,,1.0,201,1.0,0.0,0.0,22.0,22.0,201
ME,20200319,53.0,2004.0,,,,2057,0.0,0.0,334.0,10.0,344.0,2057
MI,20200319,336.0,2113.0,,,3.0,2449,3.0,0.0,1841.0,256.0,2097.0,2449
MN,20200319,89.0,2949.0,,,,3038,0.0,0.0,264.0,12.0,276.0,3038
MO,20200319,24.0,308.0,,,1.0,332,1.0,0.0,55.0,11.0,66.0,332
MP,20200319,0.0,,,,0.0,0,0.0,0.0,0.0,0.0,0.0,0
MS,20200319,50.0,552.0,,,,602,0.0,0.0,73.0,16.0,89.0,602
MT,20200319,12.0,761.0,0.0,,,773,0.0,0.0,262.0,2.0,264.0,773
NC,20200319,97.0,2408.0,,,0.0,2505,0.0,0.0,621.0,34.0,655.0,2505
ND,20200319,15.0,493.0,,,0.0,508,0.0,0.0,225.0,9.0,234.0,508
NE,20200319,27.0,240.0,,,0.0,267,0.0,0.0,34.0,3.0,37.0,267
NH,20200319,39.0,621.0,231.0,,,660,0.0,0.0,108.0,13.0,121.0,891
NJ,20200319,742.0,210.0,74.0,,9.0,952,4.0,0.0,20.0,315.0,335.0,1026
NM,20200319,35.0,2762.0,,,,2797,0.0,0.0,436.0,7.0,443.0,2797
NV,20200319,95.0,1626.0,,,1.0,1721,0.0,0.0,1458.0,40.0,1498.0,1721
NY,20200319,4152.0,18132.0,,,12.0,22284,0.0,0.0,5917.0,1770.0,7687.0,22284
OH,20200319,119.0,140.0,,,,259,0.0,0.0,0.0,31.0,31.0,259
OK,20200319,44.0,466.0,250.0,,1.0,510,1.0,0.0,88.0,15.0,103.0,760
OR,20200319,88.0,1329.0,437.0,,3.0,1417,0.0,0.0,211.0,13.0,224.0,1854
PA,20200319,185.0,1608.0,,,1.0,1793,1.0,0.0,421.0,52.0,473.0,1793
PR,20200319,5.0,56.0,29.0,,,61,0.0,0.0,25.0,0.0,25.0,90
RI,20200319,33.0,540.0,334.0,,,573,0.0,0.0,0.0,0.0,0.0,907
SC,20200319,60.0,583.0,,,1.0,643,0.0,0.0,0.0,0.0,0.0,643
SD,20200319,11.0,551.0,385.0,,1.0,562,0.0,0.0,0.0,0.0,0.0,947
TN,20200319,154.0,349.0,,,,503,0.0,0.0,0.0,56.0,56.0,503
TX,20200319,143.0,2212.0,,,3.0,2355,1.0,0.0,388.0,60.0,448.0,2355
UT,20200319,78.0,1448.0,,,0.0,1526,0.0,0.0,1317.0,15.0,1332.0,1526
VA,20200319,94.0,1829.0,,,2.0,1923,1.0,0.0,628.0,17.0,645.0,1923
VI,20200319,3.0,,,,0.0,3,0.0,0.0,0.0,1.0,1.0,3
VT,20200319,22.0,645.0,,,,667,0.0,0.0,53.0,3.0,56.0,667
WA,20200319,1187.0,15918.0,,,66.0,17105,14.0,0.0,2801.0,175.0,2976.0,17105
WI,20200319,155.0,2192.0,,,,2347,0.0,0.0,615.0,49.0,664.0,2347
WV,20200319,2.0,143.0,3.0,,0.0,145,0.0,0.0,21.0,1.0,22.0,148
WY,20200319,18.0,271.0,,,,289,0.0,0.0,93.0,3.0,96.0,289
AK,20200318,6.0,406.0,,,,412,0.0,0.0,72.0,3.0,75.0,412
AL,20200318,46.0,28.0,,,0.0,74,0.0,0.0,0.0,10.0,10.0,74
AR,20200318,33.0,236.0,50.0,,,269,0.0,0.0,39.0,11.0,50.0,319
AS,20200318,0.0,,,,0.0,0,0.0,0.0,0.0,0.0,0.0,0
AZ,20200318,28.0,148.0,102.0,,0.0,176,0.0,0.0,6.0,8.0,14.0,278
CA,20200318,611.0,7981.0,,,13.0,8592,2.0,0.0,0.0,128.0,128.0,8592
CO,20200318,183.0,1617.0,,,2.0,1800,1.0,0.0,561.0,23.0,584.0,1800
CT,20200318,68.0,125.0,,,,193,0.0,0.0,0.0,27.0,27.0,193
DC,20200318,31.0,138.0,1.0,,,169,0.0,0.0,34.0,9.0,43.0,170
DE,20200318,25.0,36.0,,,,61,0.0,0.0,0.0,9.0,9.0,61
FL,20200318,314.0,1225.0,954.0,,7.0,1539,1.0,0.0,285.0,128.0,413.0,2493
GA,20200318,197.0,1311.0,,,1.0,1508,0.0,0.0,1311.0,51.0,1362.0,1508
GU,20200318,8.0,57.0,,,,65,0.0,0.0,16.0,3.0,19.0,65
HI,20200318,14.0,93.0,12.0,,,107,0.0,0.0,93.0,4.0,97.0,119
IA,20200318,29.0,83.0,,,,112,0.0,0.0,0.0,6.0,6.0,112
ID,20200318,9.0,459.0,,,,468,0.0,0.0,113.0,2.0,115.0,468
IL,20200318,289.0,1763.0,,,1.0,2052,0.0,0.0,423.0,129.0,552.0,2052
IN,20200318,39.0,154.0,,,2.0,193,0.0,0.0,25.0,9.0,34.0,193
KS,20200318,16.0,417.0,,,1.0,433,0.0,0.0,35.0,1.0,36.0,433
KY,20200318,26.0,354.0,,,1.0,380,0.0,0.0,59.0,4.0,63.0,380
LA,20200318,240.0,335.0,,,6.0,575,2.0,0.0,49.0,69.0,118.0,575
MA,20200318,256.0,2015.0,,,,2271,0.0,0.0,474.0,38.0,512.0,2271
MD,20200318,85.0,94.0,,,,179,0.0,0.0,0.0,28.0,28.0,179
ME,20200318,43.0,1670.0,,,,1713,0.0,0.0,367.0,11.0,378.0,1713
MI,20200318,80.0,272.0,,,,352,0.0,0.0,0.0,15.0,15.0,352
MN,20200318,77.0,2685.0,,,,2762,0.0,0.0,409.0,17.0,426.0,2762
MO,20200318,13.0,253.0,,,0.0,266,0.0,0.0,46.0,5.0,51.0,266
MP,20200318,0.0,,,,0.0,0,0.0,0.0,0.0,0.0,0.0,0
MS,20200318,34.0,479.0,,,,513,0.0,0.0,111.0,13.0,124.0,513
MT,20200318,10.0,499.0,0.0,,,509,0.0,0.0,196.0,2.0,198.0,509
NC,20200318,63.0,1787.0,,,0.0,1850,0.0,0.0,1313.0,23.0,1336.0,1850
ND,20200318,6.0,268.0,,,0.0,274,0.0,0.0,48.0,3.0,51.0,274
NE,20200318,24.0,206.0,,,,230,0.0,0.0,0.0,3.0,3.0,230
NH,20200318,26.0,513.0,208.0,,,539,0.0,0.0,158.0,9.0,167.0,747
NJ,20200318,427.0,190.0,21.0,,5.0,617,2.0,0.0,27.0,160.0,187.0,638
NM,20200318,28.0,2326.0,,,,2354,0.0,0.0,1077.0,5.0,1082.0,2354
NV,20200318,55.0,168.0,,,1.0,223,0.0,0.0,0.0,0.0,0.0,223
NY,20200318,2382.0,12215.0,,,12.0,14597,5.0,0.0,6709.0,682.0,7391.0,14597
OH,20200318,88.0,140.0,,,,228,0.0,0.0,0.0,21.0,21.0,228
OK,20200318,29.0,378.0,110.0,,,407,0.0,0.0,131.0,12.0,143.0,517
OR,20200318,75.0,1118.0,361.0,,3.0,1193,3.0,0.0,429.0,28.0,457.0,1554
PA,20200318,133.0,1187.0,,,,1320,0.0,0.0,308.0,37.0,345.0,1320
PR,20200318,5.0,31.0,21.0,,,36,0.0,0.0,18.0,0.0,18.0,57
RI,20200318,33.0,540.0,334.0,,,573,0.0,0.0,232.0,12.0,244.0,907
SC,20200318,60.0,583.0,,,1.0,643,0.0,0.0,272.0,27.0,299.0,643
SD,20200318,11.0,551.0,350.0,,1.0,562,1.0,0.0,0.0,0.0,0.0,913
TN,20200318,98.0,349.0,,,,447,0.0,0.0,19.0,25.0,44.0,447
TX,20200318,83.0,1824.0,,,2.0,1907,1.0,0.0,620.0,19.0,639.0,1907
UT,20200318,63.0,131.0,,,0.0,194,0.0,0.0,0.0,12.0,12.0,194
VA,20200318,77.0,1201.0,,,1.0,1278,0.0,0.0,240.0,10.0,250.0,1278
VI,20200318,2.0,,,,0.0,2,0.0,0.0,0.0,0.0,0.0,2
VT,20200318,19.0,592.0,,,,611,0.0,0.0,97.0,9.0,106.0,611
WA,20200318,1012.0,13117.0,,,52.0,14129,4.0,0.0,1535.0,108.0,1643.0,14129
WI,20200318,106.0,1577.0,,,,1683,0.0,0.0,539.0,34.0,573.0,1683
WV,20200318,1.0,122.0,14.0,,0.0,123,0.0,0.0,42.0,1.0,43.0,137
WY,20200318,15.0,178.0,,,,193,0.0,0.0,83.0,5.0,88.0,193
AK,20200317,3.0,334.0,,,,337,0.0,0.0,191.0,2.0,193.0,337
AL,20200317,36.0,28.0,,,0.0,64,0.0,0.0,0.0,8.0,8.0,64
AR,20200317,22.0,197.0,41.0,,,219,0.0,0.0,65.0,0.0,65.0,260
AS,20200317,0.0,,,,,0,0.0,0.0,0.0,0.0,0.0,0
AZ,20200317,20.0,142.0,66.0,,0.0,162,0.0,0.0,17.0,2.0,19.0,228
CA,20200317,483.0,7981.0,,,11.0,8464,5.0,0.0,0.0,148.0,148.0,8407
CO,20200317,160.0,1056.0,,,1.0,1216,0.0,0.0,429.0,29.0,458.0,1216
CT,20200317,41.0,125.0,,,,166,0.0,0.0,0.0,15.0,15.0,166
DC,20200317,22.0,104.0,0.0,,,126,0.0,0.0,8.0,5.0,13.0,126
DE,20200317,16.0,36.0,,,,52,0.0,0.0,0.0,8.0,8.0,52
FL,20200317,186.0,940.0,872.0,,6.0,1126,2.0,0.0,256.0,45.0,301.0,1998
GA,20200317,146.0,,,,1.0,146,0.0,0.0,0.0,25.0,25.0,146
GU,20200317,5.0,41.0,,,,46,0.0,0.0,18.0,2.0,20.0,46
HI,20200317,10.0,,,,,10,0.0,0.0,0.0,3.0,3.0,10
IA,20200317,23.0,83.0,,,,106,0.0,0.0,0.0,1.0,1.0,106
ID,20200317,7.0,346.0,,,,353,0.0,0.0,81.0,2.0,83.0,353
IL,20200317,160.0,1340.0,,,1.0,1500,1.0,0.0,408.0,67.0,475.0,1500
IN,20200317,30.0,129.0,,,2.0,159,1.0,0.0,14.0,6.0,20.0,159
KS,20200317,15.0,382.0,,,1.0,397,0.0,0.0,216.0,4.0,220.0,397
KY,20200317,22.0,295.0,,,1.0,317,0.0,0.0,61.0,1.0,62.0,317
LA,20200317,171.0,286.0,,,4.0,457,2.0,0.0,98.0,57.0,155.0,457
MA,20200317,218.0,1541.0,,,,1759,0.0,0.0,1189.0,54.0,1243.0,1759
MD,20200317,57.0,94.0,,,,151,0.0,0.0,0.0,20.0,20.0,151
ME,20200317,32.0,1303.0,,,,1335,0.0,0.0,539.0,15.0,554.0,1335
MI,20200317,65.0,272.0,,,,337,0.0,0.0,0.0,12.0,12.0,337
MN,20200317,60.0,2276.0,,,,2336,0.0,0.0,437.0,6.0,443.0,2336
MO,20200317,8.0,207.0,,,0.0,215,0.0,0.0,43.0,2.0,45.0,215
MP,20200317,0.0,,,,,0,0.0,0.0,0.0,0.0,0.0,0
MS,20200317,21.0,368.0,,,,389,0.0,0.0,91.0,9.0,100.0,389
MT,20200317,8.0,303.0,0.0,,,311,0.0,0.0,105.0,1.0,106.0,311
NC,20200317,40.0,474.0,,,0.0,514,0.0,0.0,178.0,7.0,185.0,514
ND,20200317,3.0,220.0,0.0,,0.0,223,0.0,0.0,97.0,2.0,99.0,223
NE,20200317,21.0,206.0,,,,227,0.0,0.0,36.0,3.0,39.0,227
NH,20200317,17.0,355.0,195.0,,,372,0.0,0.0,84.0,4.0,88.0,567
NJ,20200317,267.0,163.0,55.0,,3.0,430,1.0,0.0,43.0,89.0,132.0,485
NM,20200317,23.0,1249.0,,,,1272,0.0,0.0,683.0,6.0,689.0,1272
NV,20200317,55.0,168.0,,,1.0,223,0.0,0.0,0.0,10.0,10.0,223
NY,20200317,1700.0,5506.0,,,7.0,7206,0.0,0.0,963.0,750.0,1713.0,7206
OH,20200317,67.0,140.0,,,,207,0.0,0.0,0.0,17.0,17.0,207
OK,20200317,17.0,247.0,82.0,,,264,0.0,0.0,73.0,7.0,80.0,346
OR,20200317,47.0,689.0,184.0,,,736,0.0,0.0,110.0,8.0,118.0,920
PA,20200317,96.0,879.0,,,,975,0.0,0.0,209.0,20.0,229.0,975
PR,20200317,5.0,13.0,4.0,,,18,0.0,0.0,4.0,0.0,4.0,22
RI,20200317,21.0,308.0,149.0,,,329,0.0,0.0,0.0,0.0,0.0,478
SC,20200317,33.0,311.0,,,1.0,344,0.0,0.0,76.0,5.0,81.0,344
SD,20200317,11.0,551.0,35.0,,,562,0.0,0.0,57.0,1.0,58.0,597
TN,20200317,73.0,330.0,,,,403,0.0,0.0,60.0,21.0,81.0,403
TX,20200317,64.0,1204.0,,,1.0,1268,1.0,0.0,1204.0,7.0,1211.0,1268
UT,20200317,51.0,131.0,,,0.0,182,0.0,0.0,0.0,12.0,12.0,182
VA,20200317,67.0,961.0,,,1.0,1028,0.0,0.0,523.0,16.0,539.0,1028
VI,20200317,2.0,,,,,2,0.0,0.0,0.0,1.0,1.0,2
VT,20200317,10.0,495.0,,,,505,0.0,0.0,74.0,2.0,76.0,505
WA,20200317,904.0,11582.0,,,48.0,12486,6.0,0.0,2131.0,135.0,2266.0,12486
WI,20200317,72.0,1038.0,,,,1110,0.0,0.0,534.0,25.0,559.0,1110
WV,20200317,0.0,80.0,4.0,,0.0,80,0.0,0.0,0.0,0.0,0.0,84
WY,20200317,10.0,95.0,,,,105,0.0,0.0,95.0,7.0,102.0,105
AK,20200316,1.0,143.0,,,,144,0.0,0.0,0.0,0.0,0.0,144
AL,20200316,28.0,28.0,40.0,,0.0,56,0.0,0.0,0.0,16.0,16.0,96
AR,20200316,22.0,132.0,14.0,,,154,0.0,0.0,29.0,6.0,35.0,168
AS,20200316,0.0,,,,,0,,,,,,0
AZ,20200316,18.0,125.0,63.0,,0.0,143,0.0,0.0,4.0,6.0,10.0,206
CA,20200316,335.0,7981.0,,,6.0,8316,1.0,0.0,7065.0,42.0,7107.0,8316
CO,20200316,131.0,627.0,,,1.0,758,0.0,0.0,0.0,0.0,0.0,758
CT,20200316,26.0,125.0,,,,151,0.0,0.0,0.0,6.0,6.0,151
DC,20200316,17.0,96.0,7.0,,,113,0.0,0.0,17.0,1.0,18.0,120
DE,20200316,8.0,36.0,32.0,,,44,0.0,0.0,0.0,2.0,2.0,76
FL,20200316,141.0,684.0,514.0,,4.0,825,0.0,0.0,6.0,25.0,31.0,1339
GA,20200316,121.0,,,,1.0,121,0.0,0.0,0.0,22.0,22.0,121
GU,20200316,3.0,23.0,,,,26,,,,,,26
HI,20200316,7.0,,,,,7,0.0,0.0,0.0,5.0,5.0,7
IA,20200316,22.0,83.0,,,,105,0.0,0.0,0.0,4.0,4.0,105
ID,20200316,5.0,265.0,,,,270,0.0,0.0,94.0,0.0,94.0,270
IL,20200316,93.0,932.0,,,,1025,0.0,0.0,483.0,29.0,512.0,1025
IN,20200316,24.0,115.0,,,1.0,139,1.0,0.0,13.0,5.0,18.0,139
KS,20200316,11.0,166.0,,,1.0,177,0.0,0.0,31.0,3.0,34.0,177
KY,20200316,21.0,234.0,,,1.0,255,1.0,0.0,95.0,5.0,100.0,255
LA,20200316,114.0,188.0,,,2.0,302,0.0,0.0,32.0,23.0,55.0,302
MA,20200316,164.0,352.0,,,,516,0.0,0.0,0.0,26.0,26.0,516
MD,20200316,37.0,94.0,,,,131,0.0,0.0,0.0,6.0,6.0,131
ME,20200316,17.0,764.0,,,,781,0.0,0.0,673.0,14.0,687.0,781
MI,20200316,53.0,272.0,30.0,,,325,0.0,0.0,67.0,20.0,87.0,355
MN,20200316,54.0,1839.0,,,,1893,0.0,0.0,452.0,19.0,471.0,1893
MO,20200316,6.0,164.0,,,0.0,170,0.0,0.0,42.0,1.0,43.0,170
MP,20200316,0.0,,,,,0,,,,,,0
MS,20200316,12.0,277.0,,,,289,0.0,0.0,193.0,2.0,195.0,289
MT,20200316,7.0,198.0,0.0,,,205,0.0,0.0,95.0,0.0,95.0,205
NC,20200316,33.0,296.0,151.0,,0.0,329,0.0,0.0,69.0,1.0,70.0,480
ND,20200316,1.0,123.0,0.0,,0.0,124,0.0,0.0,28.0,0.0,28.0,124
NE,20200316,18.0,170.0,,,,188,0.0,0.0,90.0,1.0,91.0,188
NH,20200316,13.0,271.0,95.0,,,284,0.0,0.0,0.0,0.0,0.0,379
NJ,20200316,178.0,120.0,20.0,,2.0,298,0.0,0.0,0.0,80.0,80.0,218
NM,20200316,17.0,566.0,,,,583,0.0,0.0,84.0,4.0,88.0,583
NV,20200316,45.0,168.0,,,1.0,213,1.0,0.0,0.0,24.0,24.0,213
NY,20200316,950.0,4543.0,,,7.0,5493,4.0,0.0,0.0,221.0,221.0,5493
OH,20200316,50.0,140.0,361.0,,,190,0.0,0.0,1.0,14.0,15.0,551
OK,20200316,10.0,174.0,29.0,,,184,0.0,0.0,56.0,1.0,57.0,213
OR,20200316,39.0,579.0,182.0,,,618,0.0,0.0,159.0,3.0,162.0,800
PA,20200316,76.0,670.0,,,,746,0.0,0.0,465.0,13.0,478.0,746
PR,20200316,5.0,9.0,,,,14,,,,,,14
RI,20200316,21.0,308.0,149.0,,,329,0.0,0.0,110.0,1.0,111.0,478
SC,20200316,28.0,235.0,,,1.0,263,1.0,0.0,81.0,9.0,90.0,263
SD,20200316,10.0,494.0,0.0,,,504,0.0,0.0,167.0,1.0,168.0,504
TN,20200316,52.0,270.0,,,,322,0.0,0.0,113.0,13.0,126.0,322
TX,20200316,57.0,,,,,57,0.0,0.0,0.0,1.0,1.0,57
UT,20200316,39.0,131.0,,,0.0,170,0.0,0.0,0.0,11.0,11.0,170
VA,20200316,51.0,438.0,,,1.0,489,0.0,0.0,75.0,6.0,81.0,489
VI,20200316,1.0,,,,,1,,,,,,1
VT,20200316,8.0,421.0,,,,429,0.0,0.0,73.0,4.0,77.0,429
WA,20200316,769.0,9451.0,,,42.0,10220,2.0,0.0,2329.0,127.0,2456.0,10220
WI,20200316,47.0,504.0,,,,551,0.0,0.0,191.0,14.0,205.0,551
WV,20200316,0.0,80.0,4.0,,0.0,80,0.0,0.0,42.0,0.0,42.0,84
WY,20200316,3.0,,,,,3,0.0,0.0,0.0,0.0,0.0,3
AK,20200315,1.0,143.0,,,,144,0.0,0.0,0.0,0.0,0.0,144
AL,20200315,12.0,28.0,46.0,,0.0,40,0.0,0.0,6.0,6.0,12.0,86
AR,20200315,16.0,103.0,30.0,,,119,0.0,0.0,38.0,4.0,42.0,149
AZ,20200315,12.0,121.0,50.0,,0.0,133,0.0,0.0,0.0,0.0,0.0,183
CA,20200315,293.0,916.0,,,5.0,1209,0.0,0.0,0.0,41.0,41.0,1209
CO,20200315,131.0,627.0,,,1.0,758,0.0,0.0,17.0,30.0,47.0,758
CT,20200315,20.0,125.0,,,,145,0.0,0.0,0.0,9.0,9.0,145
DC,20200315,16.0,79.0,20.0,,,95,0.0,0.0,30.0,6.0,36.0,115
DE,20200315,6.0,36.0,32.0,,,42,0.0,0.0,0.0,0.0,0.0,74
FL,20200315,116.0,678.0,454.0,,4.0,794,1.0,0.0,200.0,39.0,239.0,1248
GA,20200315,99.0,,,,1.0,99,0.0,0.0,0.0,33.0,33.0,99
HI,20200315,2.0,,,,,2,0.0,0.0,0.0,0.0,0.0,2
IA,20200315,18.0,83.0,,,,101,0.0,0.0,0.0,1.0,1.0,101
ID,20200315,5.0,171.0,,,,176,0.0,0.0,-3.0,3.0,0.0,176
IL,20200315,64.0,449.0,195.0,,,513,0.0,0.0,133.0,18.0,151.0,708
IN,20200315,19.0,102.0,,,0.0,121,0.0,0.0,28.0,4.0,32.0,121
KS,20200315,8.0,135.0,,,1.0,143,0.0,0.0,42.0,2.0,44.0,143
KY,20200315,16.0,139.0,,,,155,0.0,0.0,0.0,2.0,2.0,155
LA,20200315,91.0,156.0,,,2.0,247,2.0,0.0,47.0,22.0,69.0,247
MA,20200315,138.0,352.0,,,,490,0.0,0.0,0.0,0.0,0.0,490
MD,20200315,31.0,94.0,,,,125,0.0,0.0,0.0,5.0,5.0,125
ME,20200315,3.0,91.0,17.0,,,94,0.0,0.0,0.0,0.0,0.0,111
MI,20200315,33.0,205.0,26.0,,,238,0.0,0.0,0.0,8.0,8.0,264
MN,20200315,35.0,1387.0,,,,1422,0.0,0.0,540.0,14.0,554.0,1422
MO,20200315,5.0,122.0,,,0.0,127,0.0,0.0,32.0,1.0,33.0,127
MS,20200315,10.0,84.0,,,,94,0.0,0.0,0.0,4.0,4.0,94
MT,20200315,7.0,103.0,57.0,,,110,0.0,0.0,0.0,2.0,2.0,167
NC,20200315,32.0,227.0,151.0,,,259,0.0,0.0,90.0,9.0,99.0,410
ND,20200315,1.0,95.0,4.0,,0.0,96,0.0,0.0,41.0,0.0,41.0,100
NE,20200315,17.0,80.0,33.0,,,97,0.0,0.0,0.0,3.0,3.0,130
NH,20200315,13.0,271.0,95.0,,,284,0.0,0.0,59.0,6.0,65.0,379
NJ,20200315,98.0,120.0,34.0,,2.0,218,1.0,0.0,23.0,48.0,71.0,252
NM,20200315,13.0,482.0,,,,495,0.0,0.0,245.0,3.0,248.0,495
NV,20200315,21.0,168.0,164.0,,,189,0.0,0.0,0.0,1.0,1.0,353
NY,20200315,729.0,4543.0,,,3.0,5272,3.0,0.0,1764.0,205.0,1969.0,5272
OH,20200315,36.0,139.0,350.0,,,175,0.0,0.0,89.0,23.0,112.0,525
OK,20200315,9.0,118.0,12.0,,,127,0.0,0.0,82.0,5.0,87.0,139
OR,20200315,36.0,420.0,225.0,,,456,0.0,0.0,83.0,6.0,89.0,681
PA,20200315,63.0,205.0,183.0,,,268,0.0,0.0,0.0,16.0,16.0,451
RI,20200315,20.0,198.0,57.0,,,218,0.0,0.0,0.0,0.0,0.0,275
SC,20200315,19.0,154.0,,,,173,0.0,0.0,44.0,6.0,50.0,173
SD,20200315,9.0,327.0,6.0,,,336,0.0,0.0,145.0,0.0,145.0,342
TN,20200315,39.0,157.0,,,,196,0.0,0.0,27.0,7.0,34.0,196
TX,20200315,56.0,,,,,56,0.0,0.0,0.0,5.0,5.0,56
UT,20200315,28.0,131.0,,,0.0,159,0.0,0.0,0.0,22.0,22.0,159
VA,20200315,45.0,363.0,,,1.0,408,1.0,0.0,246.0,15.0,261.0,408
VT,20200315,4.0,348.0,,,,352,0.0,0.0,121.0,0.0,121.0,352
WA,20200315,642.0,7122.0,,,40.0,7764,3.0,0.0,1121.0,74.0,1195.0,7764
WI,20200315,33.0,313.0,,,,346,0.0,0.0,144.0,14.0,158.0,346
WV,20200315,0.0,38.0,1.0,,0.0,38,0.0,0.0,12.0,0.0,12.0,39
WY,20200315,3.0,,,,,3,0.0,0.0,0.0,1.0,1.0,3
AK,20200314,1.0,143.0,,,,144,0.0,0.0,84.0,0.0,84.0,144
AL,20200314,6.0,22.0,46.0,,,28,0.0,0.0,11.0,5.0,16.0,74
AR,20200314,12.0,65.0,26.0,,,77,0.0,0.0,35.0,3.0,38.0,103
AZ,20200314,12.0,121.0,50.0,,0.0,133,0.0,0.0,27.0,3.0,30.0,183
CA,20200314,252.0,916.0,,,5.0,1168,1.0,0.0,0.0,50.0,50.0,1168
CO,20200314,101.0,610.0,,,1.0,711,1.0,0.0,86.0,29.0,115.0,711
CT,20200314,11.0,125.0,,,,136,0.0,0.0,26.0,5.0,31.0,136
DC,20200314,10.0,49.0,10.0,,,59,0.0,0.0,29.0,0.0,29.0,69
DE,20200314,6.0,36.0,32.0,,,42,0.0,0.0,6.0,2.0,8.0,74
FL,20200314,77.0,478.0,221.0,,3.0,555,1.0,0.0,0.0,27.0,27.0,776
GA,20200314,66.0,,,,1.0,66,0.0,0.0,0.0,24.0,24.0,66
HI,20200314,2.0,,,,,2,0.0,0.0,0.0,0.0,0.0,2
IA,20200314,17.0,83.0,,,,100,0.0,0.0,0.0,1.0,1.0,100
ID,20200314,2.0,174.0,,,,176,0.0,0.0,43.0,2.0,45.0,176
IL,20200314,46.0,316.0,82.0,,,362,0.0,0.0,22.0,14.0,36.0,444
IN,20200314,15.0,74.0,,,0.0,89,0.0,0.0,13.0,3.0,16.0,89
KS,20200314,6.0,93.0,,,1.0,99,1.0,0.0,0.0,0.0,0.0,100
KY,20200314,14.0,139.0,,,,153,0.0,0.0,32.0,3.0,35.0,153
LA,20200314,69.0,109.0,,,,178,0.0,0.0,72.0,33.0,105.0,178
MA,20200314,138.0,352.0,,,,490,0.0,0.0,260.0,15.0,275.0,490
MD,20200314,26.0,94.0,,,,120,0.0,0.0,0.0,9.0,9.0,120
ME,20200314,3.0,91.0,17.0,,,94,0.0,0.0,0.0,0.0,0.0,111
MI,20200314,25.0,205.0,26.0,,,230,0.0,0.0,72.0,9.0,81.0,256
MN,20200314,21.0,847.0,,,,868,0.0,0.0,306.0,7.0,313.0,868
MO,20200314,4.0,90.0,,,0.0,94,0.0,0.0,19.0,2.0,21.0,94
MS,20200314,6.0,84.0,,,,90,0.0,0.0,43.0,2.0,45.0,90
MT,20200314,5.0,103.0,,,,108,0.0,0.0,48.0,4.0,52.0,108
NC,20200314,23.0,137.0,,,,160,0.0,0.0,51.0,8.0,59.0,160
ND,20200314,1.0,54.0,14.0,,0.0,55,0.0,0.0,15.0,0.0,15.0,69
NE,20200314,14.0,80.0,33.0,,,94,0.0,0.0,0.0,1.0,1.0,127
NH,20200314,7.0,212.0,31.0,,,219,0.0,0.0,118.0,1.0,119.0,250
NJ,20200314,50.0,97.0,80.0,,1.0,147,0.0,0.0,0.0,0.0,0.0,227
NM,20200314,10.0,237.0,,,,247,0.0,0.0,47.0,0.0,47.0,247
NV,20200314,20.0,168.0,,,,188,0.0,0.0,0.0,9.0,9.0,188
NY,20200314,524.0,2779.0,,,,3303,0.0,0.0,0.0,103.0,103.0,3303
OH,20200314,13.0,50.0,159.0,,,63,0.0,0.0,0.0,0.0,0.0,222
OK,20200314,4.0,36.0,37.0,,,40,0.0,0.0,0.0,1.0,1.0,77
OR,20200314,30.0,337.0,157.0,,,367,0.0,0.0,0.0,0.0,0.0,524
PA,20200314,47.0,205.0,150.0,,,252,0.0,0.0,65.0,14.0,79.0,402
RI,20200314,20.0,198.0,57.0,,,218,0.0,0.0,56.0,6.0,62.0,275
SC,20200314,13.0,110.0,,,,123,0.0,0.0,35.0,1.0,36.0,123
SD,20200314,9.0,182.0,3.0,,,191,0.0,0.0,109.0,0.0,109.0,194
TN,20200314,32.0,130.0,,,,162,0.0,0.0,14.0,6.0,20.0,162
TX,20200314,51.0,,,,,51,0.0,0.0,0.0,12.0,12.0,51
UT,20200314,6.0,131.0,,,,137,0.0,0.0,0.0,0.0,0.0,137
VA,20200314,30.0,117.0,,,,147,0.0,0.0,0.0,0.0,0.0,147
VT,20200314,4.0,227.0,,,,231,0.0,0.0,85.0,2.0,87.0,231
WA,20200314,568.0,6001.0,,,37.0,6569,6.0,0.0,1651.0,111.0,1762.0,6569
WI,20200314,19.0,169.0,,,,188,0.0,0.0,0.0,0.0,0.0,188
WV,20200314,0.0,26.0,5.0,,,26,0.0,0.0,9.0,0.0,9.0,31
WY,20200314,2.0,,,,,2,0.0,0.0,0.0,1.0,1.0,2
AK,20200313,1.0,59.0,,,,60,0.0,0.0,13.0,1.0,14.0,60
AL,20200313,1.0,11.0,,,,12,0.0,0.0,1.0,1.0,2.0,12
AR,20200313,9.0,30.0,22.0,,,39,0.0,0.0,6.0,3.0,9.0,61
AZ,20200313,9.0,94.0,40.0,,0.0,103,0.0,0.0,12.0,0.0,12.0,143
CA,20200313,202.0,916.0,,,4.0,1118,0.0,0.0,0.0,0.0,0.0,1118
CO,20200313,72.0,524.0,,,,596,0.0,0.0,226.0,27.0,253.0,596
CT,20200313,6.0,99.0,,,,105,0.0,0.0,10.0,0.0,10.0,105
DC,20200313,10.0,20.0,,,,30,0.0,0.0,0.0,0.0,0.0,30
DE,20200313,4.0,30.0,10.0,,,34,0.0,0.0,7.0,0.0,7.0,44
FL,20200313,50.0,478.0,221.0,,2.0,528,0.0,0.0,177.0,18.0,195.0,749
GA,20200313,42.0,,,,1.0,42,1.0,0.0,0.0,11.0,11.0,42
HI,20200313,2.0,,,,,2,0.0,0.0,0.0,0.0,0.0,2
IA,20200313,16.0,83.0,29.0,,,99,0.0,0.0,16.0,2.0,18.0,128
ID,20200313,0.0,131.0,,,,131,0.0,0.0,38.0,0.0,38.0,131
IL,20200313,32.0,294.0,92.0,,,326,0.0,0.0,28.0,7.0,35.0,418
IN,20200313,12.0,61.0,,,,73,0.0,0.0,9.0,0.0,9.0,73
KS,20200313,6.0,93.0,,,,99,0.0,0.0,52.0,2.0,54.0,99
KY,20200313,11.0,107.0,,,,118,0.0,0.0,51.0,3.0,54.0,118
LA,20200313,36.0,37.0,,,,73,0.0,0.0,0.0,22.0,22.0,73
MA,20200313,123.0,92.0,,,,215,0.0,0.0,92.0,28.0,120.0,215
MD,20200313,17.0,94.0,,,,111,0.0,0.0,0.0,5.0,5.0,111
ME,20200313,3.0,91.0,17.0,,,94,0.0,0.0,26.0,2.0,28.0,111
MI,20200313,16.0,133.0,26.0,,,149,0.0,0.0,42.0,14.0,56.0,175
MN,20200313,14.0,541.0,,,,555,0.0,0.0,234.0,5.0,239.0,555
MO,20200313,2.0,71.0,,,,73,0.0,0.0,7.0,1.0,8.0,73
MS,20200313,4.0,41.0,,,,45,0.0,0.0,0.0,3.0,3.0,45
MT,20200313,1.0,55.0,,,,56,0.0,0.0,21.0,0.0,21.0,56
NC,20200313,15.0,86.0,,,,101,0.0,0.0,26.0,3.0,29.0,101
ND,20200313,1.0,39.0,12.0,,0.0,40,0.0,0.0,27.0,0.0,27.0,52
NE,20200313,13.0,80.0,33.0,,,93,0.0,0.0,0.0,3.0,3.0,126
NH,20200313,6.0,94.0,21.0,,,100,0.0,0.0,0.0,0.0,0.0,121
NJ,20200313,50.0,97.0,80.0,,1.0,147,0.0,0.0,23.0,20.0,43.0,227
NM,20200313,10.0,190.0,,,,200,0.0,0.0,35.0,5.0,40.0,200
NV,20200313,11.0,168.0,,,,179,0.0,0.0,0.0,4.0,4.0,179
NY,20200313,421.0,2779.0,,,,3200,0.0,0.0,2687.0,205.0,2892.0,3200
OH,20200313,13.0,50.0,159.0,,,63,0.0,0.0,20.0,8.0,28.0,222
OK,20200313,3.0,36.0,37.0,,,39,0.0,0.0,0.0,0.0,0.0,76
OR,20200313,30.0,337.0,157.0,,,367,0.0,0.0,51.0,11.0,62.0,524
PA,20200313,33.0,140.0,130.0,,,173,0.0,0.0,24.0,11.0,35.0,303
RI,20200313,14.0,142.0,29.0,,,156,0.0,0.0,48.0,9.0,57.0,185
SC,20200313,12.0,75.0,,,,87,0.0,0.0,27.0,2.0,29.0,87
SD,20200313,9.0,73.0,11.0,,,82,0.0,0.0,46.0,1.0,47.0,93
TN,20200313,26.0,116.0,,,,142,0.0,0.0,37.0,8.0,45.0,142
TX,20200313,39.0,,,,,39,0.0,0.0,0.0,16.0,16.0,39
UT,20200313,6.0,131.0,,,,137,0.0,0.0,0.0,2.0,2.0,137
VA,20200313,30.0,117.0,,,,147,0.0,0.0,0.0,13.0,13.0,147
VT,20200313,2.0,142.0,,,,144,0.0,0.0,45.0,0.0,45.0,144
WA,20200313,457.0,4350.0,,,31.0,4807,2.0,0.0,1313.0,120.0,1433.0,4807
WI,20200313,19.0,169.0,,,,188,0.0,0.0,85.0,11.0,96.0,188
WV,20200313,0.0,17.0,4.0,,,17,0.0,0.0,10.0,0.0,10.0,21
WY,20200313,1.0,,,,,1,0.0,0.0,0.0,0.0,0.0,1
AK,20200312,0.0,46.0,14.0,,,46,0.0,0.0,0.0,0.0,0.0,60
AL,20200312,0.0,10.0,,,,10,0.0,0.0,0.0,0.0,0.0,10
AR,20200312,6.0,24.0,20.0,,,30,0.0,0.0,12.0,6.0,18.0,50
AZ,20200312,9.0,82.0,24.0,,,91,0.0,0.0,23.0,0.0,23.0,115
CA,20200312,202.0,916.0,,,4.0,1118,4.0,0.0,0.0,45.0,45.0,1118
CO,20200312,45.0,298.0,,,,343,0.0,0.0,47.0,17.0,64.0,343
CT,20200312,6.0,89.0,,,,95,0.0,0.0,18.0,3.0,21.0,95
DC,20200312,10.0,20.0,,,,30,0.0,0.0,0.0,6.0,6.0,30
DE,20200312,4.0,23.0,14.0,,,27,0.0,0.0,6.0,3.0,9.0,41
FL,20200312,32.0,301.0,147.0,,2.0,333,0.0,0.0,0.0,4.0,4.0,480
GA,20200312,31.0,,,,,31,0.0,0.0,0.0,9.0,9.0,31
HI,20200312,2.0,,,,,2,0.0,0.0,0.0,0.0,0.0,2
IA,20200312,14.0,67.0,24.0,,,81,0.0,0.0,21.0,1.0,22.0,105
ID,20200312,0.0,93.0,,,,93,0.0,0.0,26.0,0.0,26.0,93
IL,20200312,25.0,266.0,76.0,,,291,0.0,0.0,22.0,6.0,28.0,367
IN,20200312,12.0,52.0,,,,64,0.0,0.0,19.0,2.0,21.0,64
KS,20200312,4.0,41.0,,,,45,0.0,0.0,0.0,3.0,3.0,45
KY,20200312,8.0,56.0,,,,64,0.0,0.0,10.0,0.0,10.0,64
LA,20200312,14.0,37.0,,,,51,0.0,0.0,0.0,8.0,8.0,51
MA,20200312,95.0,,,,,95,0.0,0.0,0.0,3.0,3.0,95
MD,20200312,12.0,94.0,,,,106,0.0,0.0,0.0,3.0,3.0,106
ME,20200312,1.0,65.0,20.0,,,66,0.0,0.0,23.0,1.0,24.0,86
MI,20200312,2.0,91.0,27.0,,,93,0.0,0.0,34.0,0.0,34.0,120
MN,20200312,9.0,307.0,,,,316,0.0,0.0,90.0,4.0,94.0,316
MO,20200312,1.0,64.0,,,,65,0.0,0.0,64.0,0.0,64.0,65
MS,20200312,1.0,41.0,,,,42,0.0,0.0,21.0,1.0,22.0,42
MT,20200312,1.0,34.0,,,,35,0.0,0.0,13.0,1.0,14.0,35
NC,20200312,12.0,60.0,,,,72,0.0,0.0,60.0,5.0,65.0,72
ND,20200312,1.0,12.0,14.0,,,13,0.0,0.0,5.0,1.0,6.0,27
NE,20200312,10.0,80.0,33.0,,,90,0.0,0.0,33.0,5.0,38.0,123
NH,20200312,6.0,94.0,21.0,,,100,0.0,0.0,56.0,2.0,58.0,121
NJ,20200312,30.0,74.0,20.0,,1.0,104,0.0,0.0,17.0,6.0,23.0,124
NM,20200312,5.0,155.0,,,,160,0.0,0.0,68.0,2.0,70.0,160
NV,20200312,7.0,168.0,,,,175,0.0,0.0,0.0,2.0,2.0,175
NY,20200312,216.0,92.0,,,,308,0.0,0.0,0.0,0.0,0.0,308
OH,20200312,5.0,30.0,52.0,,,35,0.0,0.0,9.0,1.0,10.0,87
OK,20200312,3.0,36.0,4.0,,,39,0.0,0.0,21.0,1.0,22.0,43
OR,20200312,19.0,286.0,62.0,,,305,0.0,0.0,0.0,0.0,0.0,367
PA,20200312,22.0,116.0,81.0,,,138,0.0,0.0,28.0,7.0,35.0,219
RI,20200312,5.0,94.0,8.0,,,99,0.0,0.0,36.0,0.0,36.0,107
SC,20200312,10.0,48.0,,,,58,0.0,0.0,16.0,1.0,17.0,58
SD,20200312,8.0,27.0,11.0,,,35,0.0,0.0,14.0,3.0,17.0,46
TN,20200312,18.0,79.0,,,,97,0.0,0.0,29.0,11.0,40.0,97
TX,20200312,23.0,,,,,23,0.0,0.0,0.0,2.0,2.0,23
UT,20200312,4.0,131.0,,,,135,0.0,0.0,131.0,2.0,133.0,135
VA,20200312,17.0,117.0,,,,134,0.0,0.0,57.0,8.0,65.0,134
VT,20200312,2.0,97.0,,,,99,0.0,0.0,35.0,1.0,36.0,99
WA,20200312,337.0,3037.0,,,29.0,3374,5.0,0.0,862.0,70.0,932.0,3403
WI,20200312,8.0,84.0,,,,92,0.0,0.0,41.0,5.0,46.0,92
WV,20200312,0.0,7.0,1.0,,,7,0.0,0.0,4.0,0.0,4.0,8
WY,20200312,1.0,,,,,1,0.0,0.0,0.0,1.0,1.0,1
AK,20200311,0.0,46.0,14.0,,,46,0.0,0.0,23.0,0.0,23.0,60
AL,20200311,0.0,10.0,,,,10,0.0,0.0,10.0,0.0,10.0,10
AR,20200311,0.0,12.0,14.0,,,12,0.0,0.0,0.0,0.0,0.0,26
AZ,20200311,9.0,59.0,32.0,,,68,0.0,0.0,8.0,3.0,11.0,100
CA,20200311,157.0,916.0,,,,1073,0.0,0.0,226.0,24.0,250.0,1073
CO,20200311,28.0,251.0,,,,279,0.0,0.0,109.0,16.0,125.0,279
CT,20200311,3.0,71.0,,,,74,0.0,0.0,17.0,1.0,18.0,74
DC,20200311,4.0,20.0,15.0,,,24,0.0,0.0,3.0,-1.0,2.0,39
DE,20200311,1.0,17.0,2.0,,,18,0.0,0.0,0.0,1.0,1.0,20
FL,20200311,28.0,301.0,147.0,,2.0,329,2.0,0.0,79.0,9.0,88.0,476
GA,20200311,22.0,,,,,22,0.0,0.0,0.0,5.0,5.0,22
HI,20200311,2.0,,,,,2,0.0,0.0,0.0,0.0,0.0,2
IA,20200311,13.0,46.0,27.0,,,59,0.0,0.0,14.0,5.0,19.0,86
ID,20200311,0.0,67.0,,,,67,0.0,0.0,26.0,0.0,26.0,67
IL,20200311,19.0,244.0,63.0,,,263,0.0,0.0,0.0,0.0,0.0,326
IN,20200311,10.0,33.0,,,,43,0.0,0.0,3.0,4.0,7.0,43
KS,20200311,1.0,41.0,,,,42,0.0,0.0,24.0,0.0,24.0,42
KY,20200311,8.0,46.0,,,,54,0.0,0.0,18.0,2.0,20.0,54
LA,20200311,6.0,37.0,,,,43,0.0,0.0,26.0,5.0,31.0,43
MA,20200311,92.0,,,,,92,0.0,0.0,0.0,0.0,0.0,92
MD,20200311,9.0,94.0,,,,103,0.0,0.0,5.0,3.0,8.0,103
ME,20200311,0.0,42.0,5.0,,,42,0.0,0.0,22.0,0.0,22.0,47
MI,20200311,2.0,57.0,18.0,,,59,0.0,0.0,18.0,2.0,20.0,77
MN,20200311,5.0,217.0,,,,222,0.0,0.0,85.0,2.0,87.0,222
MO,20200311,1.0,,,,,1,0.0,0.0,0.0,0.0,0.0,1
MS,20200311,0.0,20.0,,,,20,0.0,0.0,20.0,0.0,20.0,20
MT,20200311,0.0,21.0,,,,21,0.0,0.0,6.0,0.0,6.0,21
NC,20200311,7.0,,,,,7,0.0,0.0,0.0,0.0,0.0,7
ND,20200311,0.0,7.0,6.0,,,7,0.0,0.0,1.0,0.0,1.0,13
NE,20200311,5.0,47.0,16.0,,,52,0.0,0.0,0.0,2.0,2.0,68
NH,20200311,4.0,38.0,5.0,,,42,0.0,0.0,0.0,0.0,0.0,47
NJ,20200311,24.0,57.0,20.0,,1.0,81,1.0,0.0,13.0,9.0,22.0,100
NM,20200311,3.0,87.0,,,,90,0.0,0.0,18.0,3.0,21.0,90
NV,20200311,5.0,168.0,,,,173,0.0,0.0,154.0,5.0,159.0,173
NY,20200311,216.0,92.0,,,,308,0.0,0.0,0.0,43.0,43.0,308
OH,20200311,4.0,21.0,24.0,,,25,0.0,0.0,7.0,1.0,8.0,49
OK,20200311,2.0,15.0,11.0,,,17,0.0,0.0,0.0,0.0,0.0,28
OR,20200311,19.0,286.0,62.0,,,305,0.0,0.0,73.0,4.0,77.0,367
PA,20200311,15.0,88.0,54.0,,,103,0.0,0.0,88.0,3.0,91.0,157
RI,20200311,5.0,58.0,24.0,,,63,0.0,0.0,5.0,2.0,7.0,87
SC,20200311,9.0,32.0,,,,41,0.0,0.0,8.0,2.0,10.0,41
SD,20200311,5.0,13.0,2.0,,,18,0.0,0.0,2.0,5.0,7.0,20
TN,20200311,7.0,50.0,,,,57,0.0,0.0,50.0,0.0,50.0,57
TX,20200311,21.0,,,,,21,0.0,0.0,0.0,8.0,8.0,21
UT,20200311,2.0,,,,,2,0.0,0.0,0.0,0.0,0.0,2
VA,20200311,9.0,60.0,,,,69,0.0,0.0,7.0,1.0,8.0,69
VT,20200311,1.0,62.0,,,,63,0.0,0.0,22.0,0.0,22.0,63
WA,20200311,267.0,2175.0,,,24.0,2442,24.0,0.0,1065.0,105.0,1170.0,2466
WI,20200311,3.0,43.0,,,,46,0.0,0.0,7.0,1.0,8.0,46
WV,20200311,0.0,3.0,2.0,,,3,0.0,0.0,1.0,0.0,1.0,5
WY,20200311,0.0,,,,,0,0.0,0.0,0.0,0.0,0.0,0
AK,20200310,0.0,23.0,9.0,,,23,0.0,0.0,0.0,0.0,0.0,32
AL,20200310,0.0,0.0,0.0,,,0,0.0,0.0,0.0,0.0,0.0,0
AR,20200310,0.0,12.0,3.0,,,12,0.0,0.0,0.0,0.0,0.0,15
AZ,20200310,6.0,51.0,27.0,,,57,0.0,0.0,7.0,1.0,8.0,84
CA,20200310,133.0,690.0,,,,823,0.0,0.0,0.0,19.0,19.0,823
CO,20200310,12.0,142.0,1.0,,,154,0.0,0.0,9.0,3.0,12.0,155
CT,20200310,2.0,54.0,,,,56,0.0,0.0,8.0,1.0,9.0,56
DC,20200310,5.0,17.0,2.0,,,22,0.0,0.0,3.0,4.0,7.0,24
DE,20200310,0.0,17.0,3.0,,,17,0.0,0.0,2.0,0.0,2.0,20
FL,20200310,19.0,222.0,155.0,,,241,0.0,0.0,82.0,1.0,83.0,396
GA,20200310,17.0,,,,,17,0.0,0.0,0.0,5.0,5.0,17
HI,20200310,2.0,,,,,2,0.0,0.0,0.0,0.0,0.0,2
IA,20200310,8.0,32.0,11.0,,,40,0.0,0.0,6.0,5.0,11.0,51
ID,20200310,0.0,41.0,,,,41,0.0,0.0,0.0,0.0,0.0,41
IL,20200310,19.0,244.0,63.0,,,263,0.0,0.0,53.0,12.0,65.0,326
IN,20200310,6.0,30.0,,,,36,0.0,0.0,30.0,4.0,34.0,36
KS,20200310,1.0,17.0,21.0,,,18,0.0,0.0,6.0,0.0,6.0,39
KY,20200310,6.0,28.0,,,,34,0.0,0.0,11.0,2.0,13.0,34
LA,20200310,1.0,11.0,,,,12,0.0,0.0,6.0,0.0,6.0,12
MA,20200310,92.0,,,,,92,0.0,0.0,0.0,51.0,51.0,92
MD,20200310,6.0,89.0,,,,95,0.0,0.0,16.0,1.0,17.0,95
ME,20200310,0.0,20.0,5.0,,,20,0.0,0.0,19.0,0.0,19.0,25
MI,20200310,0.0,39.0,24.0,,,39,0.0,0.0,3.0,0.0,3.0,63
MN,20200310,3.0,132.0,,,,135,0.0,0.0,52.0,1.0,53.0,135
MO,20200310,1.0,,,,,1,0.0,0.0,0.0,0.0,0.0,1
MS,20200310,0.0,,,,,0,0.0,0.0,0.0,0.0,0.0,0
MT,20200310,0.0,15.0,,,,15,0.0,0.0,4.0,0.0,4.0,15
NC,20200310,7.0,,,,,7,0.0,0.0,0.0,5.0,5.0,7
ND,20200310,0.0,6.0,2.0,,,6,0.0,0.0,6.0,0.0,6.0,8
NE,20200310,3.0,47.0,16.0,,,50,0.0,0.0,11.0,0.0,11.0,66
NH,20200310,4.0,38.0,5.0,,,42,0.0,0.0,0.0,0.0,0.0,47
NJ,20200310,15.0,44.0,20.0,,,59,0.0,0.0,9.0,4.0,13.0,79
NM,20200310,0.0,69.0,,,,69,0.0,0.0,12.0,0.0,12.0,69
NV,20200310,0.0,14.0,,,,14,0.0,0.0,0.0,0.0,-1.0,14
NY,20200310,173.0,92.0,,,,265,0.0,0.0,0.0,31.0,31.0,265
OH,20200310,3.0,14.0,15.0,,,17,0.0,0.0,3.0,0.0,3.0,32
OK,20200310,2.0,15.0,11.0,,,17,0.0,0.0,7.0,1.0,8.0,28
OR,20200310,15.0,213.0,67.0,,,228,0.0,0.0,48.0,1.0,49.0,295
PA,20200310,12.0,,,,,12,0.0,0.0,0.0,5.0,5.0,12
RI,20200310,3.0,53.0,6.0,,,56,0.0,0.0,0.0,0.0,0.0,62
SC,20200310,7.0,24.0,,,,31,0.0,0.0,0.0,0.0,0.0,31
SD,20200310,0.0,11.0,0.0,,,11,0.0,0.0,6.0,0.0,6.0,11
TN,20200310,7.0,,,,,7,0.0,0.0,0.0,4.0,4.0,7
TX,20200310,13.0,,,,,13,0.0,0.0,0.0,1.0,1.0,13
UT,20200310,2.0,,,,,2,0.0,0.0,0.0,1.0,1.0,2
VA,20200310,8.0,53.0,,,,61,0.0,0.0,15.0,5.0,20.0,61
VT,20200310,1.0,40.0,,,,41,0.0,0.0,6.0,0.0,6.0,41
WA,20200310,162.0,1110.0,,,,1272,0.0,0.0,0.0,26.0,26.0,1272
WI,20200310,2.0,36.0,,,,38,0.0,0.0,0.0,1.0,1.0,38
WV,20200310,0.0,2.0,3.0,,,2,0.0,0.0,0.0,0.0,0.0,5
WY,20200310,0.0,0.0,0.0,,,0,0.0,0.0,0.0,0.0,0.0,0
AK,20200309,0.0,23.0,9.0,,,23,0.0,0.0,9.0,0.0,9.0,32
AL,20200309,0.0,,,,,0,0.0,0.0,0.0,0.0,0.0,0
AR,20200309,0.0,12.0,0.0,,,12,0.0,0.0,6.0,0.0,6.0,12
AZ,20200309,5.0,44.0,7.0,,,49,0.0,0.0,0.0,0.0,0.0,56
CA,20200309,114.0,690.0,,,,804,0.0,0.0,228.0,26.0,254.0,804
CO,20200309,9.0,133.0,,,,142,0.0,0.0,29.0,1.0,30.0,142
CT,20200309,1.0,46.0,,,,47,0.0,0.0,17.0,0.0,17.0,47
DC,20200309,1.0,14.0,3.0,,,15,0.0,0.0,4.0,0.0,4.0,18
DE,20200309,0.0,15.0,3.0,,,15,0.0,0.0,5.0,0.0,5.0,18
FL,20200309,18.0,140.0,115.0,,,158,0.0,0.0,22.0,1.0,23.0,273
GA,20200309,12.0,,,,,12,0.0,0.0,0.0,5.0,5.0,12
HI,20200309,2.0,,,,,2,0.0,0.0,0.0,1.0,1.0,2
IA,20200309,3.0,26.0,8.0,,,29,0.0,0.0,11.0,3.0,14.0,37
ID,20200309,0.0,41.0,,,,41,0.0,0.0,14.0,0.0,14.0,41
IL,20200309,7.0,191.0,44.0,,,198,0.0,0.0,0.0,1.0,1.0,242
IN,20200309,2.0,,,,,2,0.0,0.0,0.0,0.0,0.0,2
KS,20200309,1.0,11.0,0.0,,,12,0.0,0.0,0.0,0.0,0.0,12
KY,20200309,4.0,17.0,,,,21,0.0,0.0,4.0,3.0,7.0,21
LA,20200309,1.0,5.0,,,,6,0.0,0.0,0.0,1.0,1.0,6
MA,20200309,41.0,,,,,41,0.0,0.0,0.0,28.0,28.0,41
MD,20200309,5.0,73.0,,,,78,0.0,0.0,21.0,2.0,23.0,78
ME,20200309,0.0,1.0,,,,1,0.0,0.0,0.0,0.0,0.0,1
MI,20200309,0.0,36.0,11.0,,,36,0.0,0.0,10.0,0.0,10.0,47
MN,20200309,2.0,80.0,,,,82,0.0,0.0,32.0,1.0,33.0,82
MO,20200309,1.0,,,,,1,0.0,0.0,0.0,0.0,0.0,1
MS,20200309,0.0,,,,,0,0.0,0.0,0.0,0.0,0.0,0
MT,20200309,0.0,11.0,0.0,,,11,0.0,0.0,0.0,0.0,0.0,11
NC,20200309,2.0,,,,,2,0.0,0.0,0.0,0.0,0.0,2
ND,20200309,0.0,0.0,,,,0,0.0,0.0,0.0,0.0,0.0,0
NE,20200309,3.0,36.0,9.0,,,39,0.0,0.0,19.0,2.0,21.0,48
NH,20200309,4.0,38.0,5.0,,,42,0.0,0.0,0.0,0.0,0.0,47
NJ,20200309,11.0,35.0,14.0,,,46,0.0,0.0,4.0,5.0,9.0,60
NM,20200309,0.0,57.0,0.0,,,57,0.0,0.0,9.0,0.0,9.0,57
NV,20200309,1.0,14.0,,,,15,0.0,0.0,0.0,0.0,0.0,15
NY,20200309,142.0,92.0,,,,234,0.0,0.0,0.0,37.0,37.0,234
OH,20200309,3.0,11.0,5.0,,,14,0.0,0.0,1.0,3.0,4.0,19
OK,20200309,1.0,8.0,10.0,,,9,0.0,0.0,0.0,0.0,0.0,19
OR,20200309,14.0,165.0,52.0,,,179,0.0,0.0,65.0,0.0,65.0,231
PA,20200309,7.0,,,,,7,0.0,0.0,0.0,3.0,3.0,7
RI,20200309,3.0,53.0,6.0,,,56,0.0,0.0,23.0,0.0,23.0,62
SC,20200309,7.0,24.0,,,,31,0.0,0.0,16.0,5.0,21.0,31
SD,20200309,0.0,5.0,0.0,,,5,0.0,0.0,0.0,0.0,0.0,5
TN,20200309,3.0,,,,,3,0.0,0.0,0.0,0.0,0.0,3
TX,20200309,12.0,,,,,12,0.0,0.0,0.0,4.0,4.0,12
UT,20200309,1.0,,,,,1,0.0,0.0,0.0,0.0,0.0,1
VA,20200309,3.0,38.0,9.0,,,41,0.0,0.0,2.0,1.0,3.0,50
VT,20200309,1.0,34.0,,,,35,0.0,0.0,6.0,0.0,6.0,35
WA,20200309,136.0,1110.0,,,,1246,0.0,0.0,470.0,34.0,504.0,1246
WI,20200309,1.0,36.0,,,,37,0.0,0.0,5.0,0.0,5.0,37
WV,20200309,0.0,2.0,3.0,,,2,0.0,0.0,0.0,0.0,0.0,5
WY,20200309,0.0,,,,,0,0.0,0.0,0.0,0.0,0.0,0
AK,20200308,0.0,14.0,6.0,,,14,0.0,0.0,2.0,0.0,2.0,20
AL,20200308,0.0,,,,,0,0.0,0.0,0.0,0.0,0.0,0
AR,20200308,0.0,6.0,0.0,,,6,0.0,0.0,0.0,0.0,0.0,6
AZ,20200308,5.0,44.0,7.0,,,49,0.0,0.0,0.0,0.0,0.0,56
CA,20200308,88.0,462.0,,,,550,0.0,0.0,0.0,19.0,19.0,550
CO,20200308,8.0,104.0,,,,112,0.0,0.0,49.0,0.0,49.0,112
CT,20200308,1.0,29.0,8.0,,,30,0.0,0.0,29.0,1.0,30.0,38
DC,20200308,1.0,10.0,0.0,,,11,0.0,0.0,2.0,1.0,3.0,11
DE,20200308,0.0,10.0,0.0,,,10,0.0,0.0,0.0,0.0,0.0,10
FL,20200308,17.0,118.0,108.0,,,135,0.0,0.0,18.0,3.0,21.0,243
GA,20200308,7.0,,,,,7,0.0,0.0,0.0,1.0,1.0,7
HI,20200308,1.0,,,,,1,0.0,0.0,0.0,0.0,0.0,1
IA,20200308,0.0,15.0,2.0,,,15,0.0,0.0,0.0,0.0,0.0,17
ID,20200308,0.0,27.0,,,,27,0.0,0.0,0.0,0.0,0.0,27
IL,20200308,6.0,191.0,44.0,,,197,0.0,0.0,0.0,0.0,0.0,241
IN,20200308,2.0,,,,,2,0.0,0.0,0.0,1.0,1.0,2
KS,20200308,1.0,11.0,0.0,,,12,0.0,0.0,0.0,1.0,1.0,12
KY,20200308,1.0,13.0,,,,14,0.0,0.0,4.0,0.0,4.0,14
LA,20200308,0.0,5.0,,,,5,0.0,0.0,5.0,0.0,5.0,5
MA,20200308,13.0,,,,,13,0.0,0.0,0.0,0.0,0.0,13
MD,20200308,3.0,52.0,,,,55,0.0,0.0,11.0,0.0,11.0,55
ME,20200308,0.0,1.0,,,,1,0.0,0.0,0.0,0.0,0.0,1
MI,20200308,0.0,26.0,10.0,,,26,0.0,0.0,8.0,0.0,8.0,36
MN,20200308,1.0,48.0,,,,49,0.0,0.0,0.0,0.0,0.0,49
MO,20200308,1.0,,,,,1,0.0,0.0,0.0,1.0,1.0,1
MS,20200308,0.0,,,,,0,0.0,0.0,0.0,0.0,0.0,0
MT,20200308,0.0,11.0,,,,11,0.0,0.0,0.0,0.0,0.0,11
NC,20200308,2.0,,,,,2,0.0,0.0,0.0,0.0,0.0,2
ND,20200308,0.0,0.0,,,,0,0.0,0.0,0.0,0.0,0.0,0
NE,20200308,1.0,17.0,5.0,,,18,0.0,0.0,0.0,0.0,0.0,23
NH,20200308,4.0,38.0,5.0,,,42,0.0,0.0,18.0,2.0,20.0,47
NJ,20200308,6.0,31.0,0.0,,,37,0.0,0.0,31.0,2.0,33.0,37
NM,20200308,0.0,48.0,0.0,,,48,0.0,0.0,0.0,0.0,0.0,48
NV,20200308,1.0,14.0,,,,15,0.0,0.0,0.0,0.0,0.0,15
NY,20200308,105.0,92.0,,,,197,0.0,0.0,0.0,29.0,29.0,197
OH,20200308,0.0,10.0,4.0,,,10,0.0,0.0,1.0,0.0,1.0,14
OK,20200308,1.0,8.0,2.0,,,9,0.0,0.0,8.0,0.0,8.0,11
OR,20200308,14.0,100.0,53.0,,,114,0.0,0.0,23.0,7.0,30.0,167
PA,20200308,4.0,,,,,4,0.0,0.0,0.0,2.0,2.0,4
RI,20200308,3.0,30.0,12.0,,,33,0.0,0.0,30.0,1.0,31.0,45
SC,20200308,2.0,8.0,,,,10,0.0,0.0,0.0,0.0,0.0,10
SD,20200308,0.0,5.0,0.0,,,5,0.0,0.0,0.0,0.0,0.0,5
TN,20200308,3.0,,,,,3,0.0,0.0,0.0,2.0,2.0,3
TX,20200308,8.0,,,,,8,0.0,0.0,0.0,0.0,0.0,8
UT,20200308,1.0,,,,,1,0.0,0.0,0.0,0.0,0.0,1
VA,20200308,2.0,36.0,6.0,,,38,0.0,0.0,5.0,2.0,7.0,44
VT,20200308,1.0,28.0,,,,29,0.0,0.0,12.0,1.0,13.0,29
WA,20200308,102.0,640.0,60.0,,,742,0.0,0.0,270.0,0.0,270.0,802
WI,20200308,1.0,31.0,12.0,,,32,0.0,0.0,0.0,0.0,0.0,44
WV,20200308,0.0,2.0,3.0,,,2,0.0,0.0,0.0,0.0,0.0,5
WY,20200308,0.0,,,,,0,0.0,0.0,0.0,0.0,0.0,0
AK,20200307,0.0,12.0,2.0,,,12,0.0,0.0,4.0,0.0,4.0,14
AL,20200307,0.0,,,,,0,,,,,,0
AR,20200307,0.0,6.0,0.0,,,6,0.0,0.0,0.0,0.0,0.0,6
AZ,20200307,5.0,44.0,7.0,,,49,0.0,0.0,11.0,2.0,13.0,56
CA,20200307,69.0,462.0,,,,531,0.0,0.0,0.0,9.0,9.0,531
CO,20200307,8.0,55.0,69.0,,,63,0.0,0.0,9.0,6.0,15.0,132
CT,20200307,0.0,,,,,0,,,,,,0
DC,20200307,0.0,8.0,1.0,,,8,0.0,0.0,0.0,0.0,0.0,9
DE,20200307,0.0,10.0,0.0,,,10,0.0,0.0,0.0,0.0,0.0,10
FL,20200307,14.0,100.0,88.0,,,114,0.0,0.0,45.0,5.0,50.0,202
GA,20200307,6.0,,,,,6,0.0,0.0,0.0,4.0,4.0,6
HI,20200307,1.0,,,,,1,,,,,,1
IA,20200307,0.0,15.0,2.0,,,15,0.0,0.0,0.0,0.0,0.0,17
ID,20200307,0.0,27.0,,,,27,,,,,,27
IL,20200307,6.0,191.0,44.0,,,197,0.0,0.0,11.0,1.0,12.0,241
IN,20200307,1.0,,,,,1,0.0,0.0,0.0,0.0,0.0,1
KS,20200307,0.0,11.0,2.0,,,11,0.0,0.0,7.0,0.0,7.0,13
KY,20200307,1.0,9.0,,,,10,0.0,0.0,2.0,1.0,3.0,10
LA,20200307,0.0,,,,,0,,,,,,0
MA,20200307,13.0,,,,,13,0.0,0.0,0.0,5.0,5.0,13
MD,20200307,3.0,41.0,,,,44,0.0,0.0,15.0,0.0,15.0,44
ME,20200307,0.0,1.0,,,,1,,,,,,1
MI,20200307,0.0,18.0,9.0,,,18,0.0,0.0,10.0,0.0,10.0,27
MN,20200307,1.0,48.0,,,,49,0.0,0.0,12.0,1.0,13.0,49
MO,20200307,0.0,,,,,0,,,,,,0
MS,20200307,0.0,,,,,0,,,,,,0
MT,20200307,0.0,11.0,,,,11,,,,,,11
NC,20200307,2.0,,,,,2,0.0,0.0,0.0,0.0,0.0,2
ND,20200307,0.0,0.0,,,,0,,,,,,0
NE,20200307,1.0,17.0,5.0,,,18,0.0,0.0,0.0,1.0,1.0,23
NH,20200307,2.0,20.0,3.0,,,22,0.0,0.0,0.0,0.0,0.0,25
NJ,20200307,4.0,,1.0,,,4,0.0,0.0,0.0,3.0,3.0,5
NM,20200307,0.0,48.0,0.0,,,48,0.0,0.0,32.0,0.0,32.0,48
NV,20200307,1.0,14.0,,,,15,0.0,0.0,0.0,0.0,0.0,15
NY,20200307,76.0,92.0,236.0,,,168,0.0,0.0,0.0,43.0,43.0,404
OH,20200307,0.0,9.0,5.0,,,9,0.0,0.0,1.0,0.0,1.0,14
OK,20200307,1.0,,,,,1,,,,,,1
OR,20200307,7.0,77.0,40.0,,,84,0.0,0.0,13.0,4.0,17.0,124
PA,20200307,2.0,,,,,2,0.0,0.0,0.0,0.0,0.0,2
RI,20200307,2.0,,,,,2,,,,,,2
SC,20200307,2.0,8.0,,,,10,0.0,0.0,3.0,2.0,5.0,10
SD,20200307,0.0,5.0,0.0,,,5,,,,,,5
TN,20200307,1.0,,,,,1,0.0,0.0,0.0,0.0,0.0,1
TX,20200307,8.0,,,,,8,0.0,0.0,0.0,3.0,3.0,8
UT,20200307,1.0,,,,,1,,,,,,1
VA,20200307,0.0,31.0,7.0,,,31,0.0,0.0,10.0,0.0,10.0,38
VT,20200307,0.0,16.0,,,,16,0.0,0.0,8.0,0.0,8.0,16
WA,20200307,102.0,370.0,66.0,,,472,0.0,0.0,0.0,23.0,23.0,538
WI,20200307,1.0,31.0,12.0,,,32,0.0,0.0,0.0,0.0,0.0,44
WV,20200307,0.0,2.0,3.0,,,2,0.0,0.0,1.0,0.0,1.0,5
WY,20200307,0.0,,,,,0,,,,,,0
AK,20200306,0.0,8.0,1.0,,,8,,,,,,9
AR,20200306,0.0,6.0,0.0,,,6,,,,,,6
AZ,20200306,3.0,33.0,15.0,,,36,0.0,0.0,5.0,1.0,6.0,51
CA,20200306,60.0,462.0,,,,522,0.0,0.0,0.0,7.0,7.0,522
CO,20200306,2.0,46.0,30.0,,,48,0.0,0.0,27.0,2.0,29.0,78
DC,20200306,0.0,8.0,1.0,,,8,0.0,0.0,2.0,0.0,2.0,9
DE,20200306,0.0,10.0,0.0,,,10,,,,,,10
FL,20200306,9.0,55.0,51.0,,,64,0.0,0.0,24.0,0.0,24.0,115
GA,20200306,2.0,,,,,2,0.0,0.0,0.0,0.0,0.0,2
IA,20200306,0.0,15.0,2.0,,,15,,,,,,17
IL,20200306,5.0,180.0,35.0,,,185,0.0,0.0,15.0,0.0,15.0,220
IN,20200306,1.0,,,,,1,,,,,,1
KS,20200306,0.0,4.0,0.0,,,4,,,,,,4
KY,20200306,0.0,7.0,3.0,,,7,,,,,,10
MA,20200306,8.0,,,,,8,0.0,0.0,0.0,6.0,6.0,8
MD,20200306,3.0,26.0,12.0,,,29,0.0,0.0,9.0,3.0,12.0,41
MI,20200306,0.0,8.0,8.0,,,8,0.0,0.0,0.0,0.0,0.0,16
MN,20200306,0.0,36.0,,,,36,,,,,,36
NC,20200306,2.0,,,,,2,0.0,0.0,0.0,1.0,1.0,2
NE,20200306,0.0,17.0,5.0,,,17,0.0,0.0,0.0,0.0,0.0,22
NH,20200306,2.0,20.0,3.0,,,22,0.0,0.0,4.0,0.0,4.0,25
NJ,20200306,1.0,,,,,1,0.0,0.0,0.0,0.0,0.0,1
NM,20200306,0.0,16.0,0.0,,,16,,,,,,16
NV,20200306,1.0,14.0,,,,15,0.0,0.0,0.0,0.0,0.0,15
NY,20200306,33.0,92.0,236.0,,,125,0.0,0.0,16.0,11.0,27.0,361
OH,20200306,0.0,8.0,2.0,,,8,0.0,0.0,1.0,0.0,1.0,10
OR,20200306,3.0,64.0,28.0,,,67,0.0,0.0,19.0,0.0,19.0,95
PA,20200306,2.0,,,,,2,,,,,,2
SC,20200306,0.0,5.0,0.0,,,5,0.0,0.0,0.0,0.0,0.0,5
TN,20200306,1.0,,,,,1,0.0,0.0,0.0,0.0,0.0,1
TX,20200306,5.0,,,,,5,0.0,0.0,0.0,4.0,4.0,5
VA,20200306,0.0,21.0,10.0,,,21,0.0,0.0,3.0,0.0,3.0,31
VT,20200306,0.0,8.0,,,,8,,,,,,8
WA,20200306,79.0,370.0,,,,449,0.0,0.0,370.0,9.0,379.0,449
WI,20200306,1.0,31.0,12.0,,,32,0.0,0.0,12.0,0.0,12.0,44
WV,20200306,0.0,1.0,4.0,,,1,,,,,,5
AZ,20200305,2.0,28.0,6.0,,,30,0.0,0.0,1.0,0.0,1.0,36
CA,20200305,53.0,462.0,,,,515,0.0,0.0,0.0,0.0,0.0,515
CO,20200305,0.0,19.0,21.0,,,19,,,,,,40
DC,20200305,0.0,6.0,2.0,,,6,,,,,,8
FL,20200305,9.0,31.0,69.0,,,40,0.0,0.0,7.0,7.0,14.0,109
GA,20200305,2.0,,,,,2,0.0,0.0,0.0,0.0,0.0,2
IL,20200305,5.0,165.0,27.0,,,170,0.0,0.0,41.0,1.0,42.0,197
MA,20200305,2.0,,,,,2,0.0,0.0,0.0,0.0,0.0,2
MD,20200305,0.0,17.0,14.0,,,17,,,,,,31
MI,20200305,0.0,8.0,0.0,,,8,,,,,,8
NC,20200305,1.0,,,,,1,0.0,0.0,0.0,0.0,0.0,1
NE,20200305,0.0,17.0,5.0,,,17,,,,,,22
NH,20200305,2.0,16.0,4.0,,,18,0.0,0.0,6.0,0.0,6.0,22
NJ,20200305,1.0,,,,,1,,,,,,1
NV,20200305,1.0,14.0,,,,15,,,,,,15
NY,20200305,22.0,76.0,24.0,,,98,0.0,0.0,28.0,16.0,44.0,122
OH,20200305,0.0,7.0,3.0,,,7,,,,,,10
OR,20200305,3.0,45.0,13.0,,,48,0.0,0.0,16.0,0.0,16.0,61
SC,20200305,0.0,5.0,0.0,,,5,0.0,0.0,0.0,0.0,0.0,5
TN,20200305,1.0,,,,,1,,,,,,1
TX,20200305,1.0,,,,,1,0.0,0.0,0.0,0.0,0.0,1
VA,20200305,0.0,18.0,3.0,,,18,,,,,,21
WA,20200305,70.0,,,,,70,0.0,0.0,0.0,31.0,31.0,70
WI,20200305,1.0,19.0,6.0,,,20,0.0,0.0,0.0,0.0,0.0,26
AZ,20200304,2.0,27.0,5.0,,,29,,,,,,34
CA,20200304,53.0,462.0,,,,515,,,,,,515
FL,20200304,2.0,24.0,16.0,,,26,,,,,,42
GA,20200304,2.0,,,,,2,,,,,,2
IL,20200304,4.0,124.0,27.0,,,128,,,,,,155
MA,20200304,2.0,,,,,2,,,,,,2
NC,20200304,1.0,,,,,1,,,,,,1
NH,20200304,2.0,10.0,7.0,,,12,,,,,,19
NY,20200304,6.0,48.0,24.0,,,54,,,,,,78
OR,20200304,3.0,29.0,18.0,,,32,,,,,,50
SC,20200304,0.0,5.0,0.0,,,5,,,,,,5
TX,20200304,1.0,,,,,1,,,,,,1
WA,20200304,39.0,,,,,39,,,,,,39
WI,20200304,1.0,19.0,6.0,,,20,,,,,,26